﻿{"data":[{"GPOChanges":{"LocalAdmins":[],"RemoteDesktopUsers":[],"DcomUsers":[],"PSRemoteUsers":[],"AffectedComputers":[]},"Properties":{"domain":"NORTH.SEVENKINGDOMS.LOCAL","name":"NORTH.SEVENKINGDOMS.LOCAL","distinguishedname":"DC=NORTH,DC=SEVENKINGDOMS,DC=LOCAL","domainsid":"S-1-5-21-566060928-2936574977-4293486541","highvalue":true,"description":null,"whencreated":1671363350,"functionallevel":"2016"},"ChildObjects":[{"ObjectIdentifier":"9434F46F-4FF3-4AF6-AE01-294152AFE01F","ObjectType":"Container"},{"ObjectIdentifier":"1E53A9F8-B260-4F68-99EE-4AF8049CD037","ObjectType":"OU"},{"ObjectIdentifier":"1707A8F1-9D71-4CEE-89FD-23A4D5286BBA","ObjectType":"Container"},{"ObjectIdentifier":"F8962B56-44BF-418D-999D-7079EB5B48F3","ObjectType":"OU"},{"ObjectIdentifier":"4B7E57EE-0C62-46EF-B227-D0AB9D91E4D1","ObjectType":"Container"},{"ObjectIdentifier":"14F9D05E-BF6D-48EC-A6B7-685B7715564E","ObjectType":"Container"}],"Trusts":[{"TargetDomainSid":"S-1-5-21-3262959479-855567469-2661024141","TargetDomainName":"SEVENKINGDOMS.LOCAL","IsTransitive":true,"SidFilteringEnabled":false,"TrustDirection":3,"TrustType":0}],"Links":[{"IsEnforced":false,"GUID":"83C5EB7B-6931-47FA-B36C-9D50EAD93E35"},{"IsEnforced":false,"GUID":"76E3B31C-2EAD-46AA-A137-4BF49805BEC6"}],"Aces":[{"PrincipalSID":"NORTH.SEVENKINGDOMS.LOCAL-S-1-5-32-544","PrincipalType":"Group","RightName":"Owns","IsInherited":false},{"PrincipalSID":"NORTH.SEVENKINGDOMS.LOCAL-S-1-5-32-544","PrincipalType":"Group","RightName":"WriteDacl","IsInherited":false},{"PrincipalSID":"NORTH.SEVENKINGDOMS.LOCAL-S-1-5-32-544","PrincipalType":"Group","RightName":"WriteOwner","IsInherited":false},{"PrincipalSID":"NORTH.SEVENKINGDOMS.LOCAL-S-1-5-32-544","PrincipalType":"Group","RightName":"AllExtendedRights","IsInherited":false},{"PrincipalSID":"S-1-5-21-3262959479-855567469-2661024141-519","PrincipalType":"Base","RightName":"GenericAll","IsInherited":false},{"PrincipalSID":"S-1-5-21-566060928-2936574977-4293486541-512","PrincipalType":"Group","RightName":"WriteDacl","IsInherited":false},{"PrincipalSID":"S-1-5-21-566060928-2936574977-4293486541-512","PrincipalType":"Group","RightName":"WriteOwner","IsInherited":false},{"PrincipalSID":"S-1-5-21-566060928-2936574977-4293486541-512","PrincipalType":"Group","RightName":"AllExtendedRights","IsInherited":false},{"PrincipalSID":"UNKNOWN-S-1-5-9","PrincipalType":"Group","RightName":"GetChanges","IsInherited":false},{"PrincipalSID":"UNKNOWN-S-1-5-9","PrincipalType":"Group","RightName":"GetChangesInFilteredSet","IsInherited":false},{"PrincipalSID":"NORTH.SEVENKINGDOMS.LOCAL-S-1-5-32-544","PrincipalType":"Group","RightName":"GetChangesAll","IsInherited":false},{"PrincipalSID":"NORTH.SEVENKINGDOMS.LOCAL-S-1-5-32-544","PrincipalType":"Group","RightName":"GetChanges","IsInherited":false},{"PrincipalSID":"NORTH.SEVENKINGDOMS.LOCAL-S-1-5-32-544","PrincipalType":"Group","RightName":"GetChangesInFilteredSet","IsInherited":false},{"PrincipalSID":"S-1-5-21-3262959479-855567469-2661024141-498","PrincipalType":"Base","RightName":"GetChanges","IsInherited":false},{"PrincipalSID":"S-1-5-21-566060928-2936574977-4293486541-516","PrincipalType":"Group","RightName":"GetChangesAll","IsInherited":false}],"ObjectIdentifier":"S-1-5-21-566060928-2936574977-4293486541","IsDeleted":false,"IsACLProtected":false}],"meta":{"methods":29695,"type":"domains","count":1,"version":5}}