﻿{"data":[{"Properties":{"domain":"NORTH.SEVENKINGDOMS.LOCAL","name":"COMPUTERS@NORTH.SEVENKINGDOMS.LOCAL","distinguishedname":"CN=COMPUTERS,DC=NORTH,DC=SEVENKINGDOMS,DC=LOCAL","domainsid":null,"highvalue":false},"ChildObjects":[{"ObjectIdentifier":"S-1-5-21-566060928-2936574977-4293486541-1104","ObjectType":"Computer"}],"Aces":[{"PrincipalSID":"S-1-5-21-566060928-2936574977-4293486541-512","PrincipalType":"Group","RightName":"Owns","IsInherited":false},{"PrincipalSID":"S-1-5-21-566060928-2936574977-4293486541-512","PrincipalType":"Group","RightName":"WriteDacl","IsInherited":false},{"PrincipalSID":"S-1-5-21-566060928-2936574977-4293486541-512","PrincipalType":"Group","RightName":"WriteOwner","IsInherited":false},{"PrincipalSID":"S-1-5-21-3262959479-855567469-2661024141-519","PrincipalType":"Base","RightName":"GenericAll","IsInherited":true},{"PrincipalSID":"NORTH.SEVENKINGDOMS.LOCAL-S-1-5-32-544","PrincipalType":"Group","RightName":"WriteDacl","IsInherited":true},{"PrincipalSID":"NORTH.SEVENKINGDOMS.LOCAL-S-1-5-32-544","PrincipalType":"Group","RightName":"WriteOwner","IsInherited":true}],"ObjectIdentifier":"9434F46F-4FF3-4AF6-AE01-294152AFE01F","IsDeleted":false,"IsACLProtected":false},{"Properties":{"domain":"NORTH.SEVENKINGDOMS.LOCAL","name":"WINSOCKSERVICES@NORTH.SEVENKINGDOMS.LOCAL","distinguishedname":"CN=WINSOCKSERVICES,CN=SYSTEM,DC=NORTH,DC=SEVENKINGDOMS,DC=LOCAL","domainsid":null,"highvalue":false},"ChildObjects":[],"Aces":[{"PrincipalSID":"S-1-5-21-566060928-2936574977-4293486541-512","PrincipalType":"Group","RightName":"Owns","IsInherited":false},{"PrincipalSID":"S-1-5-21-566060928-2936574977-4293486541-512","PrincipalType":"Group","RightName":"WriteDacl","IsInherited":false},{"PrincipalSID":"S-1-5-21-566060928-2936574977-4293486541-512","PrincipalType":"Group","RightName":"WriteOwner","IsInherited":false},{"PrincipalSID":"S-1-5-21-3262959479-855567469-2661024141-519","PrincipalType":"Base","RightName":"GenericAll","IsInherited":true},{"PrincipalSID":"NORTH.SEVENKINGDOMS.LOCAL-S-1-5-32-544","PrincipalType":"Group","RightName":"WriteDacl","IsInherited":true},{"PrincipalSID":"NORTH.SEVENKINGDOMS.LOCAL-S-1-5-32-544","PrincipalType":"Group","RightName":"WriteOwner","IsInherited":true}],"ObjectIdentifier":"39C21492-1AE4-4547-AA46-17D4065B652C","IsDeleted":false,"IsACLProtected":false},{"Properties":{"domain":"NORTH.SEVENKINGDOMS.LOCAL","name":"RPCSERVICES@NORTH.SEVENKINGDOMS.LOCAL","distinguishedname":"CN=RPCSERVICES,CN=SYSTEM,DC=NORTH,DC=SEVENKINGDOMS,DC=LOCAL","domainsid":null,"highvalue":false},"ChildObjects":[],"Aces":[{"PrincipalSID":"S-1-5-21-566060928-2936574977-4293486541-512","PrincipalType":"Group","RightName":"Owns","IsInherited":false},{"PrincipalSID":"S-1-5-21-566060928-2936574977-4293486541-512","PrincipalType":"Group","RightName":"WriteDacl","IsInherited":false},{"PrincipalSID":"S-1-5-21-566060928-2936574977-4293486541-512","PrincipalType":"Group","RightName":"WriteOwner","IsInherited":false},{"PrincipalSID":"S-1-5-21-3262959479-855567469-2661024141-519","PrincipalType":"Base","RightName":"GenericAll","IsInherited":true},{"PrincipalSID":"NORTH.SEVENKINGDOMS.LOCAL-S-1-5-32-544","PrincipalType":"Group","RightName":"WriteDacl","IsInherited":true},{"PrincipalSID":"NORTH.SEVENKINGDOMS.LOCAL-S-1-5-32-544","PrincipalType":"Group","RightName":"WriteOwner","IsInherited":true}],"ObjectIdentifier":"63A1BDF1-82EB-4D0C-8C92-787CCC3ABC68","IsDeleted":false,"IsACLProtected":false},{"Properties":{"domain":"NORTH.SEVENKINGDOMS.LOCAL","name":"MEETINGS@NORTH.SEVENKINGDOMS.LOCAL","distinguishedname":"CN=MEETINGS,CN=SYSTEM,DC=NORTH,DC=SEVENKINGDOMS,DC=LOCAL","domainsid":null,"highvalue":false},"ChildObjects":[],"Aces":[{"PrincipalSID":"S-1-5-21-566060928-2936574977-4293486541-512","PrincipalType":"Group","RightName":"Owns","IsInherited":false},{"PrincipalSID":"S-1-5-21-566060928-2936574977-4293486541-512","PrincipalType":"Group","RightName":"WriteDacl","IsInherited":false},{"PrincipalSID":"S-1-5-21-566060928-2936574977-4293486541-512","PrincipalType":"Group","RightName":"WriteOwner","IsInherited":false},{"PrincipalSID":"S-1-5-21-3262959479-855567469-2661024141-519","PrincipalType":"Base","RightName":"GenericAll","IsInherited":true},{"PrincipalSID":"NORTH.SEVENKINGDOMS.LOCAL-S-1-5-32-544","PrincipalType":"Group","RightName":"WriteDacl","IsInherited":true},{"PrincipalSID":"NORTH.SEVENKINGDOMS.LOCAL-S-1-5-32-544","PrincipalType":"Group","RightName":"WriteOwner","IsInherited":true}],"ObjectIdentifier":"5EABA90B-2F34-427D-976D-5DF61B94341F","IsDeleted":false,"IsACLProtected":false},{"Properties":{"domain":"NORTH.SEVENKINGDOMS.LOCAL","name":"POLICYTEMPLATE@NORTH.SEVENKINGDOMS.LOCAL","distinguishedname":"CN=POLICYTEMPLATE,CN=WMIPOLICY,CN=SYSTEM,DC=NORTH,DC=SEVENKINGDOMS,DC=LOCAL","domainsid":null,"highvalue":false},"ChildObjects":[],"Aces":[{"PrincipalSID":"S-1-5-21-566060928-2936574977-4293486541-512","PrincipalType":"Group","RightName":"Owns","IsInherited":false},{"PrincipalSID":"S-1-5-21-566060928-2936574977-4293486541-512","PrincipalType":"Group","RightName":"WriteDacl","IsInherited":false},{"PrincipalSID":"S-1-5-21-566060928-2936574977-4293486541-512","PrincipalType":"Group","RightName":"WriteOwner","IsInherited":false},{"PrincipalSID":"S-1-5-21-3262959479-855567469-2661024141-519","PrincipalType":"Base","RightName":"GenericAll","IsInherited":true},{"PrincipalSID":"S-1-5-21-566060928-2936574977-4293486541-512","PrincipalType":"Group","RightName":"GenericAll","IsInherited":true}],"ObjectIdentifier":"22E96E79-266C-4CC5-AEB5-99D6C31AB4C2","IsDeleted":false,"IsACLProtected":false},{"Properties":{"domain":"NORTH.SEVENKINGDOMS.LOCAL","name":"SOM@NORTH.SEVENKINGDOMS.LOCAL","distinguishedname":"CN=SOM,CN=WMIPOLICY,CN=SYSTEM,DC=NORTH,DC=SEVENKINGDOMS,DC=LOCAL","domainsid":null,"highvalue":false},"ChildObjects":[],"Aces":[{"PrincipalSID":"S-1-5-21-566060928-2936574977-4293486541-512","PrincipalType":"Group","RightName":"Owns","IsInherited":false},{"PrincipalSID":"S-1-5-21-3262959479-855567469-2661024141-519","PrincipalType":"Base","RightName":"GenericAll","IsInherited":false},{"PrincipalSID":"S-1-5-21-566060928-2936574977-4293486541-512","PrincipalType":"Group","RightName":"GenericAll","IsInherited":false}],"ObjectIdentifier":"CCCA96F4-0595-47F7-A6F8-C8D526A68B67","IsDeleted":false,"IsACLProtected":true},{"Properties":{"domain":"NORTH.SEVENKINGDOMS.LOCAL","name":"POLICIES@NORTH.SEVENKINGDOMS.LOCAL","distinguishedname":"CN=POLICIES,CN=SYSTEM,DC=NORTH,DC=SEVENKINGDOMS,DC=LOCAL","domainsid":null,"highvalue":false},"ChildObjects":[],"Aces":[{"PrincipalSID":"S-1-5-21-566060928-2936574977-4293486541-512","PrincipalType":"Group","RightName":"Owns","IsInherited":false},{"PrincipalSID":"S-1-5-21-566060928-2936574977-4293486541-512","PrincipalType":"Group","RightName":"WriteDacl","IsInherited":false},{"PrincipalSID":"S-1-5-21-566060928-2936574977-4293486541-512","PrincipalType":"Group","RightName":"WriteOwner","IsInherited":false},{"PrincipalSID":"S-1-5-21-3262959479-855567469-2661024141-519","PrincipalType":"Base","RightName":"GenericAll","IsInherited":true},{"PrincipalSID":"NORTH.SEVENKINGDOMS.LOCAL-S-1-5-32-544","PrincipalType":"Group","RightName":"WriteDacl","IsInherited":true},{"PrincipalSID":"NORTH.SEVENKINGDOMS.LOCAL-S-1-5-32-544","PrincipalType":"Group","RightName":"WriteOwner","IsInherited":true}],"ObjectIdentifier":"244F4692-AB39-423D-83AE-0B39F858BD03","IsDeleted":false,"IsACLProtected":false},{"Properties":{"domain":"NORTH.SEVENKINGDOMS.LOCAL","name":"WMIPOLICY@NORTH.SEVENKINGDOMS.LOCAL","distinguishedname":"CN=WMIPOLICY,CN=SYSTEM,DC=NORTH,DC=SEVENKINGDOMS,DC=LOCAL","domainsid":null,"highvalue":false},"ChildObjects":[],"Aces":[{"PrincipalSID":"S-1-5-21-566060928-2936574977-4293486541-512","PrincipalType":"Group","RightName":"Owns","IsInherited":false},{"PrincipalSID":"S-1-5-21-3262959479-855567469-2661024141-519","PrincipalType":"Base","RightName":"GenericAll","IsInherited":false},{"PrincipalSID":"S-1-5-21-566060928-2936574977-4293486541-512","PrincipalType":"Group","RightName":"GenericAll","IsInherited":false}],"ObjectIdentifier":"2825A9FE-D777-49EE-8C43-174EB5BCF746","IsDeleted":false,"IsACLProtected":true},{"Properties":{"domain":"NORTH.SEVENKINGDOMS.LOCAL","name":"RAS AND IAS SERVERS ACCESS CHECK@NORTH.SEVENKINGDOMS.LOCAL","distinguishedname":"CN=RAS AND IAS SERVERS ACCESS CHECK,CN=SYSTEM,DC=NORTH,DC=SEVENKINGDOMS,DC=LOCAL","domainsid":null,"highvalue":false},"ChildObjects":[],"Aces":[{"PrincipalSID":"S-1-5-21-566060928-2936574977-4293486541-512","PrincipalType":"Group","RightName":"Owns","IsInherited":false},{"PrincipalSID":"S-1-5-21-566060928-2936574977-4293486541-553","PrincipalType":"Group","RightName":"WriteDacl","IsInherited":false},{"PrincipalSID":"S-1-5-21-566060928-2936574977-4293486541-553","PrincipalType":"Group","RightName":"WriteOwner","IsInherited":false},{"PrincipalSID":"S-1-5-21-3262959479-855567469-2661024141-519","PrincipalType":"Base","RightName":"GenericAll","IsInherited":true},{"PrincipalSID":"NORTH.SEVENKINGDOMS.LOCAL-S-1-5-32-544","PrincipalType":"Group","RightName":"WriteDacl","IsInherited":true},{"PrincipalSID":"NORTH.SEVENKINGDOMS.LOCAL-S-1-5-32-544","PrincipalType":"Group","RightName":"WriteOwner","IsInherited":true}],"ObjectIdentifier":"8BD846F1-882B-4B1B-8B2E-48D63277050C","IsDeleted":false,"IsACLProtected":false},{"Properties":{"domain":"NORTH.SEVENKINGDOMS.LOCAL","name":"USERS@NORTH.SEVENKINGDOMS.LOCAL","distinguishedname":"CN=USERS,DC=NORTH,DC=SEVENKINGDOMS,DC=LOCAL","domainsid":null,"highvalue":false},"ChildObjects":[{"ObjectIdentifier":"S-1-5-21-566060928-2936574977-4293486541-1109","ObjectType":"Group"},{"ObjectIdentifier":"S-1-5-21-566060928-2936574977-4293486541-500","ObjectType":"User"},{"ObjectIdentifier":"S-1-5-21-566060928-2936574977-4293486541-571","ObjectType":"Group"},{"ObjectIdentifier":"S-1-5-21-566060928-2936574977-4293486541-1110","ObjectType":"User"},{"ObjectIdentifier":"S-1-5-21-566060928-2936574977-4293486541-1115","ObjectType":"User"},{"ObjectIdentifier":"S-1-5-21-566060928-2936574977-4293486541-1112","ObjectType":"User"},{"ObjectIdentifier":"S-1-5-21-566060928-2936574977-4293486541-517","ObjectType":"Group"},{"ObjectIdentifier":"S-1-5-21-566060928-2936574977-4293486541-522","ObjectType":"Group"},{"ObjectIdentifier":"S-1-5-21-566060928-2936574977-4293486541-572","ObjectType":"Group"},{"ObjectIdentifier":"S-1-5-21-566060928-2936574977-4293486541-1102","ObjectType":"Group"},{"ObjectIdentifier":"S-1-5-21-566060928-2936574977-4293486541-1103","ObjectType":"Group"},{"ObjectIdentifier":"S-1-5-21-566060928-2936574977-4293486541-512","ObjectType":"Group"},{"ObjectIdentifier":"S-1-5-21-566060928-2936574977-4293486541-515","ObjectType":"Group"},{"ObjectIdentifier":"S-1-5-21-566060928-2936574977-4293486541-516","ObjectType":"Group"},{"ObjectIdentifier":"S-1-5-21-566060928-2936574977-4293486541-514","ObjectType":"Group"},{"ObjectIdentifier":"S-1-5-21-566060928-2936574977-4293486541-513","ObjectType":"Group"},{"ObjectIdentifier":"S-1-5-21-566060928-2936574977-4293486541-1111","ObjectType":"User"},{"ObjectIdentifier":"S-1-5-21-566060928-2936574977-4293486541-520","ObjectType":"Group"},{"ObjectIdentifier":"S-1-5-21-566060928-2936574977-4293486541-501","ObjectType":"User"},{"ObjectIdentifier":"S-1-5-21-566060928-2936574977-4293486541-1117","ObjectType":"User"},{"ObjectIdentifier":"S-1-5-21-566060928-2936574977-4293486541-1120","ObjectType":"User"},{"ObjectIdentifier":"S-1-5-21-566060928-2936574977-4293486541-1118","ObjectType":"User"},{"ObjectIdentifier":"S-1-5-21-566060928-2936574977-4293486541-526","ObjectType":"Group"},{"ObjectIdentifier":"S-1-5-21-566060928-2936574977-4293486541-502","ObjectType":"User"},{"ObjectIdentifier":"S-1-5-21-566060928-2936574977-4293486541-1108","ObjectType":"Group"},{"ObjectIdentifier":"S-1-5-21-566060928-2936574977-4293486541-1107","ObjectType":"Group"},{"ObjectIdentifier":"S-1-5-21-566060928-2936574977-4293486541-525","ObjectType":"Group"},{"ObjectIdentifier":"S-1-5-21-566060928-2936574977-4293486541-553","ObjectType":"Group"},{"ObjectIdentifier":"S-1-5-21-566060928-2936574977-4293486541-521","ObjectType":"Group"},{"ObjectIdentifier":"S-1-5-21-566060928-2936574977-4293486541-1116","ObjectType":"User"},{"ObjectIdentifier":"S-1-5-21-566060928-2936574977-4293486541-1113","ObjectType":"User"},{"ObjectIdentifier":"S-1-5-21-566060928-2936574977-4293486541-1119","ObjectType":"User"},{"ObjectIdentifier":"S-1-5-21-566060928-2936574977-4293486541-1114","ObjectType":"User"},{"ObjectIdentifier":"S-1-5-21-566060928-2936574977-4293486541-1121","ObjectType":"User"},{"ObjectIdentifier":"S-1-5-21-566060928-2936574977-4293486541-1106","ObjectType":"Group"},{"ObjectIdentifier":"S-1-5-21-566060928-2936574977-4293486541-1000","ObjectType":"User"}],"Aces":[{"PrincipalSID":"S-1-5-21-566060928-2936574977-4293486541-512","PrincipalType":"Group","RightName":"Owns","IsInherited":false},{"PrincipalSID":"S-1-5-21-566060928-2936574977-4293486541-512","PrincipalType":"Group","RightName":"WriteDacl","IsInherited":false},{"PrincipalSID":"S-1-5-21-566060928-2936574977-4293486541-512","PrincipalType":"Group","RightName":"WriteOwner","IsInherited":false},{"PrincipalSID":"S-1-5-21-3262959479-855567469-2661024141-519","PrincipalType":"Base","RightName":"GenericAll","IsInherited":true},{"PrincipalSID":"NORTH.SEVENKINGDOMS.LOCAL-S-1-5-32-544","PrincipalType":"Group","RightName":"WriteDacl","IsInherited":true},{"PrincipalSID":"NORTH.SEVENKINGDOMS.LOCAL-S-1-5-32-544","PrincipalType":"Group","RightName":"WriteOwner","IsInherited":true}],"ObjectIdentifier":"14F9D05E-BF6D-48EC-A6B7-685B7715564E","IsDeleted":false,"IsACLProtected":false},{"Properties":{"domain":"NORTH.SEVENKINGDOMS.LOCAL","name":"WMIGPO@NORTH.SEVENKINGDOMS.LOCAL","distinguishedname":"CN=WMIGPO,CN=WMIPOLICY,CN=SYSTEM,DC=NORTH,DC=SEVENKINGDOMS,DC=LOCAL","domainsid":null,"highvalue":false},"ChildObjects":[],"Aces":[{"PrincipalSID":"S-1-5-21-566060928-2936574977-4293486541-512","PrincipalType":"Group","RightName":"Owns","IsInherited":false},{"PrincipalSID":"S-1-5-21-566060928-2936574977-4293486541-512","PrincipalType":"Group","RightName":"WriteDacl","IsInherited":false},{"PrincipalSID":"S-1-5-21-566060928-2936574977-4293486541-512","PrincipalType":"Group","RightName":"WriteOwner","IsInherited":false},{"PrincipalSID":"S-1-5-21-3262959479-855567469-2661024141-519","PrincipalType":"Base","RightName":"GenericAll","IsInherited":true},{"PrincipalSID":"S-1-5-21-566060928-2936574977-4293486541-512","PrincipalType":"Group","RightName":"GenericAll","IsInherited":true}],"ObjectIdentifier":"3EC23366-0AF2-4802-845F-0C434FEDDAF7","IsDeleted":false,"IsACLProtected":false},{"Properties":{"domain":"NORTH.SEVENKINGDOMS.LOCAL","name":"FOREIGNSECURITYPRINCIPALS@NORTH.SEVENKINGDOMS.LOCAL","distinguishedname":"CN=FOREIGNSECURITYPRINCIPALS,DC=NORTH,DC=SEVENKINGDOMS,DC=LOCAL","domainsid":null,"highvalue":false},"ChildObjects":[],"Aces":[{"PrincipalSID":"S-1-5-21-566060928-2936574977-4293486541-512","PrincipalType":"Group","RightName":"Owns","IsInherited":false},{"PrincipalSID":"S-1-5-21-566060928-2936574977-4293486541-512","PrincipalType":"Group","RightName":"GenericAll","IsInherited":false},{"PrincipalSID":"S-1-5-21-3262959479-855567469-2661024141-519","PrincipalType":"Base","RightName":"GenericAll","IsInherited":true},{"PrincipalSID":"NORTH.SEVENKINGDOMS.LOCAL-S-1-5-32-544","PrincipalType":"Group","RightName":"WriteDacl","IsInherited":true},{"PrincipalSID":"NORTH.SEVENKINGDOMS.LOCAL-S-1-5-32-544","PrincipalType":"Group","RightName":"WriteOwner","IsInherited":true}],"ObjectIdentifier":"1707A8F1-9D71-4CEE-89FD-23A4D5286BBA","IsDeleted":false,"IsACLProtected":false},{"Properties":{"domain":"NORTH.SEVENKINGDOMS.LOCAL","name":"SYSTEM@NORTH.SEVENKINGDOMS.LOCAL","distinguishedname":"CN=SYSTEM,DC=NORTH,DC=SEVENKINGDOMS,DC=LOCAL","domainsid":null,"highvalue":false},"ChildObjects":[],"Aces":[{"PrincipalSID":"S-1-5-21-566060928-2936574977-4293486541-512","PrincipalType":"Group","RightName":"Owns","IsInherited":false},{"PrincipalSID":"S-1-5-21-566060928-2936574977-4293486541-512","PrincipalType":"Group","RightName":"WriteDacl","IsInherited":false},{"PrincipalSID":"S-1-5-21-566060928-2936574977-4293486541-512","PrincipalType":"Group","RightName":"WriteOwner","IsInherited":false},{"PrincipalSID":"S-1-5-21-3262959479-855567469-2661024141-519","PrincipalType":"Base","RightName":"GenericAll","IsInherited":true},{"PrincipalSID":"NORTH.SEVENKINGDOMS.LOCAL-S-1-5-32-544","PrincipalType":"Group","RightName":"WriteDacl","IsInherited":true},{"PrincipalSID":"NORTH.SEVENKINGDOMS.LOCAL-S-1-5-32-544","PrincipalType":"Group","RightName":"WriteOwner","IsInherited":true}],"ObjectIdentifier":"FD492E9F-51D0-4B8D-820F-8E9E389EB918","IsDeleted":false,"IsACLProtected":false},{"Properties":{"domain":"NORTH.SEVENKINGDOMS.LOCAL","name":"ADMINSDHOLDER@NORTH.SEVENKINGDOMS.LOCAL","distinguishedname":"CN=ADMINSDHOLDER,CN=SYSTEM,DC=NORTH,DC=SEVENKINGDOMS,DC=LOCAL","domainsid":null,"highvalue":false},"ChildObjects":[],"Aces":[{"PrincipalSID":"S-1-5-21-566060928-2936574977-4293486541-512","PrincipalType":"Group","RightName":"Owns","IsInherited":false},{"PrincipalSID":"NORTH.SEVENKINGDOMS.LOCAL-S-1-5-32-544","PrincipalType":"Group","RightName":"WriteDacl","IsInherited":false},{"PrincipalSID":"NORTH.SEVENKINGDOMS.LOCAL-S-1-5-32-544","PrincipalType":"Group","RightName":"WriteOwner","IsInherited":false},{"PrincipalSID":"S-1-5-21-3262959479-855567469-2661024141-519","PrincipalType":"Base","RightName":"WriteDacl","IsInherited":false},{"PrincipalSID":"S-1-5-21-3262959479-855567469-2661024141-519","PrincipalType":"Base","RightName":"WriteOwner","IsInherited":false},{"PrincipalSID":"S-1-5-21-566060928-2936574977-4293486541-512","PrincipalType":"Group","RightName":"WriteDacl","IsInherited":false},{"PrincipalSID":"S-1-5-21-566060928-2936574977-4293486541-512","PrincipalType":"Group","RightName":"WriteOwner","IsInherited":false}],"ObjectIdentifier":"2DA394BF-7697-476E-B770-9EA31F97B77E","IsDeleted":false,"IsACLProtected":true},{"Properties":{"domain":"NORTH.SEVENKINGDOMS.LOCAL","name":"PSPS@NORTH.SEVENKINGDOMS.LOCAL","distinguishedname":"CN=PSPS,CN=SYSTEM,DC=NORTH,DC=SEVENKINGDOMS,DC=LOCAL","domainsid":null,"highvalue":false},"ChildObjects":[],"Aces":[{"PrincipalSID":"S-1-5-21-566060928-2936574977-4293486541-512","PrincipalType":"Group","RightName":"Owns","IsInherited":false},{"PrincipalSID":"S-1-5-21-566060928-2936574977-4293486541-512","PrincipalType":"Group","RightName":"GenericAll","IsInherited":false},{"PrincipalSID":"S-1-5-21-3262959479-855567469-2661024141-519","PrincipalType":"Base","RightName":"GenericAll","IsInherited":true},{"PrincipalSID":"NORTH.SEVENKINGDOMS.LOCAL-S-1-5-32-544","PrincipalType":"Group","RightName":"WriteDacl","IsInherited":true},{"PrincipalSID":"NORTH.SEVENKINGDOMS.LOCAL-S-1-5-32-544","PrincipalType":"Group","RightName":"WriteOwner","IsInherited":true}],"ObjectIdentifier":"5A2AAD61-E95F-4A12-8684-90A062A50E01","IsDeleted":false,"IsACLProtected":false},{"Properties":{"domain":"NORTH.SEVENKINGDOMS.LOCAL","name":"COMPARTITIONS@NORTH.SEVENKINGDOMS.LOCAL","distinguishedname":"CN=COMPARTITIONS,CN=SYSTEM,DC=NORTH,DC=SEVENKINGDOMS,DC=LOCAL","domainsid":null,"highvalue":false},"ChildObjects":[],"Aces":[{"PrincipalSID":"S-1-5-21-566060928-2936574977-4293486541-512","PrincipalType":"Group","RightName":"Owns","IsInherited":false},{"PrincipalSID":"S-1-5-21-566060928-2936574977-4293486541-512","PrincipalType":"Group","RightName":"WriteDacl","IsInherited":false},{"PrincipalSID":"S-1-5-21-566060928-2936574977-4293486541-512","PrincipalType":"Group","RightName":"WriteOwner","IsInherited":false},{"PrincipalSID":"S-1-5-21-3262959479-855567469-2661024141-519","PrincipalType":"Base","RightName":"GenericAll","IsInherited":true},{"PrincipalSID":"NORTH.SEVENKINGDOMS.LOCAL-S-1-5-32-544","PrincipalType":"Group","RightName":"WriteDacl","IsInherited":true},{"PrincipalSID":"NORTH.SEVENKINGDOMS.LOCAL-S-1-5-32-544","PrincipalType":"Group","RightName":"WriteOwner","IsInherited":true}],"ObjectIdentifier":"DF8A863C-ED85-47C5-A5B7-8A084D0FC07E","IsDeleted":false,"IsACLProtected":false},{"Properties":{"domain":"NORTH.SEVENKINGDOMS.LOCAL","name":"MANAGED SERVICE ACCOUNTS@NORTH.SEVENKINGDOMS.LOCAL","distinguishedname":"CN=MANAGED SERVICE ACCOUNTS,DC=NORTH,DC=SEVENKINGDOMS,DC=LOCAL","domainsid":null,"highvalue":false},"ChildObjects":[],"Aces":[{"PrincipalSID":"S-1-5-21-566060928-2936574977-4293486541-512","PrincipalType":"Group","RightName":"Owns","IsInherited":false},{"PrincipalSID":"S-1-5-21-566060928-2936574977-4293486541-512","PrincipalType":"Group","RightName":"WriteDacl","IsInherited":false},{"PrincipalSID":"S-1-5-21-566060928-2936574977-4293486541-512","PrincipalType":"Group","RightName":"WriteOwner","IsInherited":false},{"PrincipalSID":"S-1-5-21-3262959479-855567469-2661024141-519","PrincipalType":"Base","RightName":"GenericAll","IsInherited":true},{"PrincipalSID":"NORTH.SEVENKINGDOMS.LOCAL-S-1-5-32-544","PrincipalType":"Group","RightName":"WriteDacl","IsInherited":true},{"PrincipalSID":"NORTH.SEVENKINGDOMS.LOCAL-S-1-5-32-544","PrincipalType":"Group","RightName":"WriteOwner","IsInherited":true}],"ObjectIdentifier":"4B7E57EE-0C62-46EF-B227-D0AB9D91E4D1","IsDeleted":false,"IsACLProtected":false},{"Properties":{"domain":"NORTH.SEVENKINGDOMS.LOCAL","name":"COMPARTITIONSETS@NORTH.SEVENKINGDOMS.LOCAL","distinguishedname":"CN=COMPARTITIONSETS,CN=SYSTEM,DC=NORTH,DC=SEVENKINGDOMS,DC=LOCAL","domainsid":null,"highvalue":false},"ChildObjects":[],"Aces":[{"PrincipalSID":"S-1-5-21-566060928-2936574977-4293486541-512","PrincipalType":"Group","RightName":"Owns","IsInherited":false},{"PrincipalSID":"S-1-5-21-566060928-2936574977-4293486541-512","PrincipalType":"Group","RightName":"WriteDacl","IsInherited":false},{"PrincipalSID":"S-1-5-21-566060928-2936574977-4293486541-512","PrincipalType":"Group","RightName":"WriteOwner","IsInherited":false},{"PrincipalSID":"S-1-5-21-3262959479-855567469-2661024141-519","PrincipalType":"Base","RightName":"GenericAll","IsInherited":true},{"PrincipalSID":"NORTH.SEVENKINGDOMS.LOCAL-S-1-5-32-544","PrincipalType":"Group","RightName":"WriteDacl","IsInherited":true},{"PrincipalSID":"NORTH.SEVENKINGDOMS.LOCAL-S-1-5-32-544","PrincipalType":"Group","RightName":"WriteOwner","IsInherited":true}],"ObjectIdentifier":"CEB0FF06-4646-4258-AFE6-FFC1612856FC","IsDeleted":false,"IsACLProtected":false},{"Properties":{"domain":"NORTH.SEVENKINGDOMS.LOCAL","name":"PROGRAM DATA@NORTH.SEVENKINGDOMS.LOCAL","distinguishedname":"CN=PROGRAM DATA,DC=NORTH,DC=SEVENKINGDOMS,DC=LOCAL","domainsid":null,"highvalue":false},"ChildObjects":[],"Aces":[{"PrincipalSID":"S-1-5-21-566060928-2936574977-4293486541-512","PrincipalType":"Group","RightName":"Owns","IsInherited":false},{"PrincipalSID":"S-1-5-21-566060928-2936574977-4293486541-512","PrincipalType":"Group","RightName":"GenericAll","IsInherited":false},{"PrincipalSID":"S-1-5-21-3262959479-855567469-2661024141-519","PrincipalType":"Base","RightName":"GenericAll","IsInherited":true},{"PrincipalSID":"NORTH.SEVENKINGDOMS.LOCAL-S-1-5-32-544","PrincipalType":"Group","RightName":"WriteDacl","IsInherited":true},{"PrincipalSID":"NORTH.SEVENKINGDOMS.LOCAL-S-1-5-32-544","PrincipalType":"Group","RightName":"WriteOwner","IsInherited":true}],"ObjectIdentifier":"F25A5119-F536-4843-A625-55725C517685","IsDeleted":false,"IsACLProtected":false},{"Properties":{"domain":"NORTH.SEVENKINGDOMS.LOCAL","name":"MICROSOFT@NORTH.SEVENKINGDOMS.LOCAL","distinguishedname":"CN=MICROSOFT,CN=PROGRAM DATA,DC=NORTH,DC=SEVENKINGDOMS,DC=LOCAL","domainsid":null,"highvalue":false},"ChildObjects":[],"Aces":[{"PrincipalSID":"S-1-5-21-566060928-2936574977-4293486541-512","PrincipalType":"Group","RightName":"Owns","IsInherited":false},{"PrincipalSID":"S-1-5-21-566060928-2936574977-4293486541-512","PrincipalType":"Group","RightName":"GenericAll","IsInherited":false},{"PrincipalSID":"S-1-5-21-3262959479-855567469-2661024141-519","PrincipalType":"Base","RightName":"GenericAll","IsInherited":true},{"PrincipalSID":"NORTH.SEVENKINGDOMS.LOCAL-S-1-5-32-544","PrincipalType":"Group","RightName":"WriteDacl","IsInherited":true},{"PrincipalSID":"NORTH.SEVENKINGDOMS.LOCAL-S-1-5-32-544","PrincipalType":"Group","RightName":"WriteOwner","IsInherited":true}],"ObjectIdentifier":"CAA43C51-E008-40E4-8F13-D2D97EAF94CE","IsDeleted":false,"IsACLProtected":false},{"Properties":{"domain":"NORTH.SEVENKINGDOMS.LOCAL","name":"POLICYTYPE@NORTH.SEVENKINGDOMS.LOCAL","distinguishedname":"CN=POLICYTYPE,CN=WMIPOLICY,CN=SYSTEM,DC=NORTH,DC=SEVENKINGDOMS,DC=LOCAL","domainsid":null,"highvalue":false},"ChildObjects":[],"Aces":[{"PrincipalSID":"S-1-5-21-566060928-2936574977-4293486541-512","PrincipalType":"Group","RightName":"Owns","IsInherited":false},{"PrincipalSID":"S-1-5-21-566060928-2936574977-4293486541-512","PrincipalType":"Group","RightName":"WriteDacl","IsInherited":false},{"PrincipalSID":"S-1-5-21-566060928-2936574977-4293486541-512","PrincipalType":"Group","RightName":"WriteOwner","IsInherited":false},{"PrincipalSID":"S-1-5-21-3262959479-855567469-2661024141-519","PrincipalType":"Base","RightName":"GenericAll","IsInherited":true},{"PrincipalSID":"S-1-5-21-566060928-2936574977-4293486541-512","PrincipalType":"Group","RightName":"GenericAll","IsInherited":true}],"ObjectIdentifier":"59B0E17B-F995-4DAC-8547-B6D7541D3F2F","IsDeleted":false,"IsACLProtected":false}],"meta":{"methods":29695,"type":"containers","count":21,"version":5}}