﻿{"data":[{"Properties":{"domain":"NORTH.SEVENKINGDOMS.LOCAL","name":"KRBTGT@NORTH.SEVENKINGDOMS.LOCAL","distinguishedname":"CN=KRBTGT,CN=USERS,DC=NORTH,DC=SEVENKINGDOMS,DC=LOCAL","domainsid":"S-1-5-21-566060928-2936574977-4293486541","highvalue":false,"samaccountname":"krbtgt","description":"Key Distribution Center Service Account","whencreated":1671363376,"sensitive":false,"dontreqpreauth":false,"passwordnotreqd":false,"unconstraineddelegation":false,"pwdneverexpires":false,"enabled":false,"trustedtoauth":false,"lastlogon":0,"lastlogontimestamp":-1,"pwdlastset":1671363376,"serviceprincipalnames":["kadmin/changepw"],"hasspn":true,"displayname":null,"email":null,"title":null,"homedirectory":null,"userpassword":null,"unixpassword":null,"unicodepassword":null,"sfupassword":null,"logonscript":null,"admincount":true,"sidhistory":[]},"AllowedToDelegate":[],"PrimaryGroupSID":"S-1-5-21-566060928-2936574977-4293486541-513","HasSIDHistory":[],"SPNTargets":[],"Aces":[{"PrincipalSID":"S-1-5-21-566060928-2936574977-4293486541-512","PrincipalType":"Group","RightName":"Owns","IsInherited":false},{"PrincipalSID":"NORTH.SEVENKINGDOMS.LOCAL-S-1-5-32-544","PrincipalType":"Group","RightName":"WriteDacl","IsInherited":false},{"PrincipalSID":"NORTH.SEVENKINGDOMS.LOCAL-S-1-5-32-544","PrincipalType":"Group","RightName":"WriteOwner","IsInherited":false},{"PrincipalSID":"NORTH.SEVENKINGDOMS.LOCAL-S-1-5-32-544","PrincipalType":"Group","RightName":"AllExtendedRights","IsInherited":false},{"PrincipalSID":"NORTH.SEVENKINGDOMS.LOCAL-S-1-5-32-544","PrincipalType":"Group","RightName":"GenericWrite","IsInherited":false},{"PrincipalSID":"S-1-5-21-3262959479-855567469-2661024141-519","PrincipalType":"Base","RightName":"WriteDacl","IsInherited":false},{"PrincipalSID":"S-1-5-21-3262959479-855567469-2661024141-519","PrincipalType":"Base","RightName":"WriteOwner","IsInherited":false},{"PrincipalSID":"S-1-5-21-3262959479-855567469-2661024141-519","PrincipalType":"Base","RightName":"AllExtendedRights","IsInherited":false},{"PrincipalSID":"S-1-5-21-3262959479-855567469-2661024141-519","PrincipalType":"Base","RightName":"GenericWrite","IsInherited":false},{"PrincipalSID":"S-1-5-21-566060928-2936574977-4293486541-512","PrincipalType":"Group","RightName":"WriteDacl","IsInherited":false},{"PrincipalSID":"S-1-5-21-566060928-2936574977-4293486541-512","PrincipalType":"Group","RightName":"WriteOwner","IsInherited":false},{"PrincipalSID":"S-1-5-21-566060928-2936574977-4293486541-512","PrincipalType":"Group","RightName":"AllExtendedRights","IsInherited":false},{"PrincipalSID":"S-1-5-21-566060928-2936574977-4293486541-512","PrincipalType":"Group","RightName":"GenericWrite","IsInherited":false}],"ObjectIdentifier":"S-1-5-21-566060928-2936574977-4293486541-502","IsDeleted":false,"IsACLProtected":true},{"Properties":{"domain":"NORTH.SEVENKINGDOMS.LOCAL","name":"RICKON.STARK@NORTH.SEVENKINGDOMS.LOCAL","distinguishedname":"CN=RICKON.STARK,CN=USERS,DC=NORTH,DC=SEVENKINGDOMS,DC=LOCAL","domainsid":"S-1-5-21-566060928-2936574977-4293486541","highvalue":false,"samaccountname":"rickon.stark","description":"Rickon Stark","whencreated":1671364076,"sensitive":false,"dontreqpreauth":false,"passwordnotreqd":false,"unconstraineddelegation":false,"pwdneverexpires":true,"enabled":true,"trustedtoauth":false,"lastlogon":0,"lastlogontimestamp":-1,"pwdlastset":1671372336,"serviceprincipalnames":[],"hasspn":false,"displayname":null,"email":null,"title":null,"homedirectory":null,"userpassword":null,"unixpassword":null,"unicodepassword":null,"sfupassword":null,"logonscript":null,"admincount":false,"sidhistory":[]},"AllowedToDelegate":[],"PrimaryGroupSID":"S-1-5-21-566060928-2936574977-4293486541-513","HasSIDHistory":[],"SPNTargets":[],"Aces":[{"PrincipalSID":"S-1-5-21-566060928-2936574977-4293486541-512","PrincipalType":"Group","RightName":"Owns","IsInherited":false},{"PrincipalSID":"NORTH.SEVENKINGDOMS.LOCAL-S-1-5-32-548","PrincipalType":"Group","RightName":"GenericAll","IsInherited":false},{"PrincipalSID":"S-1-5-21-566060928-2936574977-4293486541-512","PrincipalType":"Group","RightName":"GenericAll","IsInherited":false},{"PrincipalSID":"S-1-5-21-3262959479-855567469-2661024141-527","PrincipalType":"Base","RightName":"AddKeyCredentialLink","IsInherited":true},{"PrincipalSID":"S-1-5-21-566060928-2936574977-4293486541-526","PrincipalType":"Group","RightName":"AddKeyCredentialLink","IsInherited":true},{"PrincipalSID":"S-1-5-21-3262959479-855567469-2661024141-519","PrincipalType":"Base","RightName":"GenericAll","IsInherited":true},{"PrincipalSID":"NORTH.SEVENKINGDOMS.LOCAL-S-1-5-32-544","PrincipalType":"Group","RightName":"WriteDacl","IsInherited":true},{"PrincipalSID":"NORTH.SEVENKINGDOMS.LOCAL-S-1-5-32-544","PrincipalType":"Group","RightName":"WriteOwner","IsInherited":true},{"PrincipalSID":"NORTH.SEVENKINGDOMS.LOCAL-S-1-5-32-544","PrincipalType":"Group","RightName":"AllExtendedRights","IsInherited":true},{"PrincipalSID":"NORTH.SEVENKINGDOMS.LOCAL-S-1-5-32-544","PrincipalType":"Group","RightName":"GenericWrite","IsInherited":true}],"ObjectIdentifier":"S-1-5-21-566060928-2936574977-4293486541-1116","IsDeleted":false,"IsACLProtected":false},{"Properties":{"domain":"NORTH.SEVENKINGDOMS.LOCAL","name":"ROBB.STARK@NORTH.SEVENKINGDOMS.LOCAL","distinguishedname":"CN=ROBB.STARK,CN=USERS,DC=NORTH,DC=SEVENKINGDOMS,DC=LOCAL","domainsid":"S-1-5-21-566060928-2936574977-4293486541","highvalue":false,"samaccountname":"robb.stark","description":"Robb Stark","whencreated":1671364067,"sensitive":false,"dontreqpreauth":false,"passwordnotreqd":false,"unconstraineddelegation":false,"pwdneverexpires":true,"enabled":true,"trustedtoauth":false,"lastlogon":1671623006,"lastlogontimestamp":1671369670,"pwdlastset":1671372329,"serviceprincipalnames":[],"hasspn":false,"displayname":null,"email":null,"title":null,"homedirectory":null,"userpassword":null,"unixpassword":null,"unicodepassword":null,"sfupassword":null,"logonscript":null,"admincount":true,"sidhistory":[]},"AllowedToDelegate":[],"PrimaryGroupSID":"S-1-5-21-566060928-2936574977-4293486541-513","HasSIDHistory":[],"SPNTargets":[],"Aces":[{"PrincipalSID":"S-1-5-21-566060928-2936574977-4293486541-512","PrincipalType":"Group","RightName":"Owns","IsInherited":false},{"PrincipalSID":"NORTH.SEVENKINGDOMS.LOCAL-S-1-5-32-544","PrincipalType":"Group","RightName":"WriteDacl","IsInherited":false},{"PrincipalSID":"NORTH.SEVENKINGDOMS.LOCAL-S-1-5-32-544","PrincipalType":"Group","RightName":"WriteOwner","IsInherited":false},{"PrincipalSID":"NORTH.SEVENKINGDOMS.LOCAL-S-1-5-32-544","PrincipalType":"Group","RightName":"AllExtendedRights","IsInherited":false},{"PrincipalSID":"NORTH.SEVENKINGDOMS.LOCAL-S-1-5-32-544","PrincipalType":"Group","RightName":"GenericWrite","IsInherited":false},{"PrincipalSID":"S-1-5-21-3262959479-855567469-2661024141-519","PrincipalType":"Base","RightName":"WriteDacl","IsInherited":false},{"PrincipalSID":"S-1-5-21-3262959479-855567469-2661024141-519","PrincipalType":"Base","RightName":"WriteOwner","IsInherited":false},{"PrincipalSID":"S-1-5-21-3262959479-855567469-2661024141-519","PrincipalType":"Base","RightName":"AllExtendedRights","IsInherited":false},{"PrincipalSID":"S-1-5-21-3262959479-855567469-2661024141-519","PrincipalType":"Base","RightName":"GenericWrite","IsInherited":false},{"PrincipalSID":"S-1-5-21-566060928-2936574977-4293486541-512","PrincipalType":"Group","RightName":"WriteDacl","IsInherited":false},{"PrincipalSID":"S-1-5-21-566060928-2936574977-4293486541-512","PrincipalType":"Group","RightName":"WriteOwner","IsInherited":false},{"PrincipalSID":"S-1-5-21-566060928-2936574977-4293486541-512","PrincipalType":"Group","RightName":"AllExtendedRights","IsInherited":false},{"PrincipalSID":"S-1-5-21-566060928-2936574977-4293486541-512","PrincipalType":"Group","RightName":"GenericWrite","IsInherited":false}],"ObjectIdentifier":"S-1-5-21-566060928-2936574977-4293486541-1113","IsDeleted":false,"IsACLProtected":true},{"Properties":{"domain":"NORTH.SEVENKINGDOMS.LOCAL","name":"CATELYN.STARK@NORTH.SEVENKINGDOMS.LOCAL","distinguishedname":"CN=CATELYN.STARK,CN=USERS,DC=NORTH,DC=SEVENKINGDOMS,DC=LOCAL","domainsid":"S-1-5-21-566060928-2936574977-4293486541","highvalue":false,"samaccountname":"catelyn.stark","description":"Catelyn Stark","whencreated":1671364064,"sensitive":false,"dontreqpreauth":false,"passwordnotreqd":false,"unconstraineddelegation":false,"pwdneverexpires":true,"enabled":true,"trustedtoauth":false,"lastlogon":0,"lastlogontimestamp":-1,"pwdlastset":1671372326,"serviceprincipalnames":[],"hasspn":false,"displayname":null,"email":null,"title":null,"homedirectory":null,"userpassword":null,"unixpassword":null,"unicodepassword":null,"sfupassword":null,"logonscript":null,"admincount":true,"sidhistory":[]},"AllowedToDelegate":[],"PrimaryGroupSID":"S-1-5-21-566060928-2936574977-4293486541-513","HasSIDHistory":[],"SPNTargets":[],"Aces":[{"PrincipalSID":"S-1-5-21-566060928-2936574977-4293486541-512","PrincipalType":"Group","RightName":"Owns","IsInherited":false},{"PrincipalSID":"NORTH.SEVENKINGDOMS.LOCAL-S-1-5-32-544","PrincipalType":"Group","RightName":"WriteDacl","IsInherited":false},{"PrincipalSID":"NORTH.SEVENKINGDOMS.LOCAL-S-1-5-32-544","PrincipalType":"Group","RightName":"WriteOwner","IsInherited":false},{"PrincipalSID":"NORTH.SEVENKINGDOMS.LOCAL-S-1-5-32-544","PrincipalType":"Group","RightName":"AllExtendedRights","IsInherited":false},{"PrincipalSID":"NORTH.SEVENKINGDOMS.LOCAL-S-1-5-32-544","PrincipalType":"Group","RightName":"GenericWrite","IsInherited":false},{"PrincipalSID":"S-1-5-21-3262959479-855567469-2661024141-519","PrincipalType":"Base","RightName":"WriteDacl","IsInherited":false},{"PrincipalSID":"S-1-5-21-3262959479-855567469-2661024141-519","PrincipalType":"Base","RightName":"WriteOwner","IsInherited":false},{"PrincipalSID":"S-1-5-21-3262959479-855567469-2661024141-519","PrincipalType":"Base","RightName":"AllExtendedRights","IsInherited":false},{"PrincipalSID":"S-1-5-21-3262959479-855567469-2661024141-519","PrincipalType":"Base","RightName":"GenericWrite","IsInherited":false},{"PrincipalSID":"S-1-5-21-566060928-2936574977-4293486541-512","PrincipalType":"Group","RightName":"WriteDacl","IsInherited":false},{"PrincipalSID":"S-1-5-21-566060928-2936574977-4293486541-512","PrincipalType":"Group","RightName":"WriteOwner","IsInherited":false},{"PrincipalSID":"S-1-5-21-566060928-2936574977-4293486541-512","PrincipalType":"Group","RightName":"AllExtendedRights","IsInherited":false},{"PrincipalSID":"S-1-5-21-566060928-2936574977-4293486541-512","PrincipalType":"Group","RightName":"GenericWrite","IsInherited":false}],"ObjectIdentifier":"S-1-5-21-566060928-2936574977-4293486541-1112","IsDeleted":false,"IsACLProtected":true},{"Properties":{"domain":"NORTH.SEVENKINGDOMS.LOCAL","name":"HODOR@NORTH.SEVENKINGDOMS.LOCAL","distinguishedname":"CN=HODOR,CN=USERS,DC=NORTH,DC=SEVENKINGDOMS,DC=LOCAL","domainsid":"S-1-5-21-566060928-2936574977-4293486541","highvalue":false,"samaccountname":"hodor","description":"Brainless Giant","whencreated":1671364079,"sensitive":false,"dontreqpreauth":false,"passwordnotreqd":false,"unconstraineddelegation":false,"pwdneverexpires":true,"enabled":true,"trustedtoauth":false,"lastlogon":0,"lastlogontimestamp":-1,"pwdlastset":1671372338,"serviceprincipalnames":[],"hasspn":false,"displayname":null,"email":null,"title":null,"homedirectory":null,"userpassword":null,"unixpassword":null,"unicodepassword":null,"sfupassword":null,"logonscript":null,"admincount":false,"sidhistory":[]},"AllowedToDelegate":[],"PrimaryGroupSID":"S-1-5-21-566060928-2936574977-4293486541-513","HasSIDHistory":[],"SPNTargets":[],"Aces":[{"PrincipalSID":"S-1-5-21-566060928-2936574977-4293486541-512","PrincipalType":"Group","RightName":"Owns","IsInherited":false},{"PrincipalSID":"NORTH.SEVENKINGDOMS.LOCAL-S-1-5-32-548","PrincipalType":"Group","RightName":"GenericAll","IsInherited":false},{"PrincipalSID":"S-1-5-21-566060928-2936574977-4293486541-512","PrincipalType":"Group","RightName":"GenericAll","IsInherited":false},{"PrincipalSID":"S-1-5-21-3262959479-855567469-2661024141-527","PrincipalType":"Base","RightName":"AddKeyCredentialLink","IsInherited":true},{"PrincipalSID":"S-1-5-21-566060928-2936574977-4293486541-526","PrincipalType":"Group","RightName":"AddKeyCredentialLink","IsInherited":true},{"PrincipalSID":"S-1-5-21-3262959479-855567469-2661024141-519","PrincipalType":"Base","RightName":"GenericAll","IsInherited":true},{"PrincipalSID":"NORTH.SEVENKINGDOMS.LOCAL-S-1-5-32-544","PrincipalType":"Group","RightName":"WriteDacl","IsInherited":true},{"PrincipalSID":"NORTH.SEVENKINGDOMS.LOCAL-S-1-5-32-544","PrincipalType":"Group","RightName":"WriteOwner","IsInherited":true},{"PrincipalSID":"NORTH.SEVENKINGDOMS.LOCAL-S-1-5-32-544","PrincipalType":"Group","RightName":"AllExtendedRights","IsInherited":true},{"PrincipalSID":"NORTH.SEVENKINGDOMS.LOCAL-S-1-5-32-544","PrincipalType":"Group","RightName":"GenericWrite","IsInherited":true}],"ObjectIdentifier":"S-1-5-21-566060928-2936574977-4293486541-1117","IsDeleted":false,"IsACLProtected":false},{"Properties":{"domain":"NORTH.SEVENKINGDOMS.LOCAL","name":"ADMINISTRATOR@NORTH.SEVENKINGDOMS.LOCAL","distinguishedname":"CN=ADMINISTRATOR,CN=USERS,DC=NORTH,DC=SEVENKINGDOMS,DC=LOCAL","domainsid":"S-1-5-21-566060928-2936574977-4293486541","highvalue":false,"samaccountname":"Administrator","description":"Built-in account for administering the computer/domain","whencreated":1671363351,"sensitive":false,"dontreqpreauth":false,"passwordnotreqd":false,"unconstraineddelegation":false,"pwdneverexpires":true,"enabled":true,"trustedtoauth":false,"lastlogon":1671373627,"lastlogontimestamp":1671363801,"pwdlastset":1671362638,"serviceprincipalnames":[],"hasspn":false,"displayname":null,"email":null,"title":null,"homedirectory":null,"userpassword":null,"unixpassword":null,"unicodepassword":null,"sfupassword":null,"logonscript":null,"admincount":true,"sidhistory":[]},"AllowedToDelegate":[],"PrimaryGroupSID":"S-1-5-21-566060928-2936574977-4293486541-513","HasSIDHistory":[],"SPNTargets":[],"Aces":[{"PrincipalSID":"S-1-5-21-566060928-2936574977-4293486541-512","PrincipalType":"Group","RightName":"Owns","IsInherited":false},{"PrincipalSID":"NORTH.SEVENKINGDOMS.LOCAL-S-1-5-32-544","PrincipalType":"Group","RightName":"WriteDacl","IsInherited":false},{"PrincipalSID":"NORTH.SEVENKINGDOMS.LOCAL-S-1-5-32-544","PrincipalType":"Group","RightName":"WriteOwner","IsInherited":false},{"PrincipalSID":"NORTH.SEVENKINGDOMS.LOCAL-S-1-5-32-544","PrincipalType":"Group","RightName":"AllExtendedRights","IsInherited":false},{"PrincipalSID":"NORTH.SEVENKINGDOMS.LOCAL-S-1-5-32-544","PrincipalType":"Group","RightName":"GenericWrite","IsInherited":false},{"PrincipalSID":"S-1-5-21-3262959479-855567469-2661024141-519","PrincipalType":"Base","RightName":"WriteDacl","IsInherited":false},{"PrincipalSID":"S-1-5-21-3262959479-855567469-2661024141-519","PrincipalType":"Base","RightName":"WriteOwner","IsInherited":false},{"PrincipalSID":"S-1-5-21-3262959479-855567469-2661024141-519","PrincipalType":"Base","RightName":"AllExtendedRights","IsInherited":false},{"PrincipalSID":"S-1-5-21-3262959479-855567469-2661024141-519","PrincipalType":"Base","RightName":"GenericWrite","IsInherited":false},{"PrincipalSID":"S-1-5-21-566060928-2936574977-4293486541-512","PrincipalType":"Group","RightName":"WriteDacl","IsInherited":false},{"PrincipalSID":"S-1-5-21-566060928-2936574977-4293486541-512","PrincipalType":"Group","RightName":"WriteOwner","IsInherited":false},{"PrincipalSID":"S-1-5-21-566060928-2936574977-4293486541-512","PrincipalType":"Group","RightName":"AllExtendedRights","IsInherited":false},{"PrincipalSID":"S-1-5-21-566060928-2936574977-4293486541-512","PrincipalType":"Group","RightName":"GenericWrite","IsInherited":false}],"ObjectIdentifier":"S-1-5-21-566060928-2936574977-4293486541-500","IsDeleted":false,"IsACLProtected":true},{"Properties":{"domain":"NORTH.SEVENKINGDOMS.LOCAL","name":"EDDARD.STARK@NORTH.SEVENKINGDOMS.LOCAL","distinguishedname":"CN=EDDARD.STARK,CN=USERS,DC=NORTH,DC=SEVENKINGDOMS,DC=LOCAL","domainsid":"S-1-5-21-566060928-2936574977-4293486541","highvalue":false,"samaccountname":"eddard.stark","description":"Eddard Stark","whencreated":1671364061,"sensitive":false,"dontreqpreauth":false,"passwordnotreqd":false,"unconstraineddelegation":false,"pwdneverexpires":true,"enabled":true,"trustedtoauth":false,"lastlogon":1671622882,"lastlogontimestamp":1671369667,"pwdlastset":1671372324,"serviceprincipalnames":[],"hasspn":false,"displayname":null,"email":null,"title":null,"homedirectory":null,"userpassword":null,"unixpassword":null,"unicodepassword":null,"sfupassword":null,"logonscript":null,"admincount":true,"sidhistory":[]},"AllowedToDelegate":[],"PrimaryGroupSID":"S-1-5-21-566060928-2936574977-4293486541-513","HasSIDHistory":[],"SPNTargets":[],"Aces":[{"PrincipalSID":"S-1-5-21-566060928-2936574977-4293486541-512","PrincipalType":"Group","RightName":"Owns","IsInherited":false},{"PrincipalSID":"NORTH.SEVENKINGDOMS.LOCAL-S-1-5-32-544","PrincipalType":"Group","RightName":"WriteDacl","IsInherited":false},{"PrincipalSID":"NORTH.SEVENKINGDOMS.LOCAL-S-1-5-32-544","PrincipalType":"Group","RightName":"WriteOwner","IsInherited":false},{"PrincipalSID":"NORTH.SEVENKINGDOMS.LOCAL-S-1-5-32-544","PrincipalType":"Group","RightName":"AllExtendedRights","IsInherited":false},{"PrincipalSID":"NORTH.SEVENKINGDOMS.LOCAL-S-1-5-32-544","PrincipalType":"Group","RightName":"GenericWrite","IsInherited":false},{"PrincipalSID":"S-1-5-21-3262959479-855567469-2661024141-519","PrincipalType":"Base","RightName":"WriteDacl","IsInherited":false},{"PrincipalSID":"S-1-5-21-3262959479-855567469-2661024141-519","PrincipalType":"Base","RightName":"WriteOwner","IsInherited":false},{"PrincipalSID":"S-1-5-21-3262959479-855567469-2661024141-519","PrincipalType":"Base","RightName":"AllExtendedRights","IsInherited":false},{"PrincipalSID":"S-1-5-21-3262959479-855567469-2661024141-519","PrincipalType":"Base","RightName":"GenericWrite","IsInherited":false},{"PrincipalSID":"S-1-5-21-566060928-2936574977-4293486541-512","PrincipalType":"Group","RightName":"WriteDacl","IsInherited":false},{"PrincipalSID":"S-1-5-21-566060928-2936574977-4293486541-512","PrincipalType":"Group","RightName":"WriteOwner","IsInherited":false},{"PrincipalSID":"S-1-5-21-566060928-2936574977-4293486541-512","PrincipalType":"Group","RightName":"AllExtendedRights","IsInherited":false},{"PrincipalSID":"S-1-5-21-566060928-2936574977-4293486541-512","PrincipalType":"Group","RightName":"GenericWrite","IsInherited":false}],"ObjectIdentifier":"S-1-5-21-566060928-2936574977-4293486541-1111","IsDeleted":false,"IsACLProtected":true},{"Properties":{"domain":"NORTH.SEVENKINGDOMS.LOCAL","name":"BRANDON.STARK@NORTH.SEVENKINGDOMS.LOCAL","distinguishedname":"CN=BRANDON.STARK,CN=USERS,DC=NORTH,DC=SEVENKINGDOMS,DC=LOCAL","domainsid":"S-1-5-21-566060928-2936574977-4293486541","highvalue":false,"samaccountname":"brandon.stark","description":"Brandon Stark","whencreated":1671364073,"sensitive":false,"dontreqpreauth":true,"passwordnotreqd":false,"unconstraineddelegation":false,"pwdneverexpires":true,"enabled":true,"trustedtoauth":false,"lastlogon":1671484717,"lastlogontimestamp":1671484145,"pwdlastset":1671372333,"serviceprincipalnames":[],"hasspn":false,"displayname":null,"email":null,"title":null,"homedirectory":null,"userpassword":null,"unixpassword":null,"unicodepassword":null,"sfupassword":null,"logonscript":null,"admincount":false,"sidhistory":[]},"AllowedToDelegate":[],"PrimaryGroupSID":"S-1-5-21-566060928-2936574977-4293486541-513","HasSIDHistory":[],"SPNTargets":[],"Aces":[{"PrincipalSID":"S-1-5-21-566060928-2936574977-4293486541-512","PrincipalType":"Group","RightName":"Owns","IsInherited":false},{"PrincipalSID":"NORTH.SEVENKINGDOMS.LOCAL-S-1-5-32-548","PrincipalType":"Group","RightName":"GenericAll","IsInherited":false},{"PrincipalSID":"S-1-5-21-566060928-2936574977-4293486541-512","PrincipalType":"Group","RightName":"GenericAll","IsInherited":false},{"PrincipalSID":"S-1-5-21-3262959479-855567469-2661024141-527","PrincipalType":"Base","RightName":"AddKeyCredentialLink","IsInherited":true},{"PrincipalSID":"S-1-5-21-566060928-2936574977-4293486541-526","PrincipalType":"Group","RightName":"AddKeyCredentialLink","IsInherited":true},{"PrincipalSID":"S-1-5-21-3262959479-855567469-2661024141-519","PrincipalType":"Base","RightName":"GenericAll","IsInherited":true},{"PrincipalSID":"NORTH.SEVENKINGDOMS.LOCAL-S-1-5-32-544","PrincipalType":"Group","RightName":"WriteDacl","IsInherited":true},{"PrincipalSID":"NORTH.SEVENKINGDOMS.LOCAL-S-1-5-32-544","PrincipalType":"Group","RightName":"WriteOwner","IsInherited":true},{"PrincipalSID":"NORTH.SEVENKINGDOMS.LOCAL-S-1-5-32-544","PrincipalType":"Group","RightName":"AllExtendedRights","IsInherited":true},{"PrincipalSID":"NORTH.SEVENKINGDOMS.LOCAL-S-1-5-32-544","PrincipalType":"Group","RightName":"GenericWrite","IsInherited":true}],"ObjectIdentifier":"S-1-5-21-566060928-2936574977-4293486541-1115","IsDeleted":false,"IsACLProtected":false},{"Properties":{"domain":"NORTH.SEVENKINGDOMS.LOCAL","name":"VAGRANT@NORTH.SEVENKINGDOMS.LOCAL","distinguishedname":"CN=VAGRANT,CN=USERS,DC=NORTH,DC=SEVENKINGDOMS,DC=LOCAL","domainsid":"S-1-5-21-566060928-2936574977-4293486541","highvalue":false,"samaccountname":"vagrant","description":"Vagrant User","whencreated":1671363351,"sensitive":false,"dontreqpreauth":false,"passwordnotreqd":false,"unconstraineddelegation":false,"pwdneverexpires":true,"enabled":true,"trustedtoauth":false,"lastlogon":1671373890,"lastlogontimestamp":1671363426,"pwdlastset":1620819535,"serviceprincipalnames":[],"hasspn":false,"displayname":"Vagrant","email":null,"title":null,"homedirectory":null,"userpassword":null,"unixpassword":null,"unicodepassword":null,"sfupassword":null,"logonscript":null,"admincount":true,"sidhistory":[]},"AllowedToDelegate":[],"PrimaryGroupSID":"S-1-5-21-566060928-2936574977-4293486541-513","HasSIDHistory":[],"SPNTargets":[],"Aces":[{"PrincipalSID":"S-1-5-21-566060928-2936574977-4293486541-512","PrincipalType":"Group","RightName":"Owns","IsInherited":false},{"PrincipalSID":"NORTH.SEVENKINGDOMS.LOCAL-S-1-5-32-544","PrincipalType":"Group","RightName":"WriteDacl","IsInherited":false},{"PrincipalSID":"NORTH.SEVENKINGDOMS.LOCAL-S-1-5-32-544","PrincipalType":"Group","RightName":"WriteOwner","IsInherited":false},{"PrincipalSID":"NORTH.SEVENKINGDOMS.LOCAL-S-1-5-32-544","PrincipalType":"Group","RightName":"AllExtendedRights","IsInherited":false},{"PrincipalSID":"NORTH.SEVENKINGDOMS.LOCAL-S-1-5-32-544","PrincipalType":"Group","RightName":"GenericWrite","IsInherited":false},{"PrincipalSID":"S-1-5-21-3262959479-855567469-2661024141-519","PrincipalType":"Base","RightName":"WriteDacl","IsInherited":false},{"PrincipalSID":"S-1-5-21-3262959479-855567469-2661024141-519","PrincipalType":"Base","RightName":"WriteOwner","IsInherited":false},{"PrincipalSID":"S-1-5-21-3262959479-855567469-2661024141-519","PrincipalType":"Base","RightName":"AllExtendedRights","IsInherited":false},{"PrincipalSID":"S-1-5-21-3262959479-855567469-2661024141-519","PrincipalType":"Base","RightName":"GenericWrite","IsInherited":false},{"PrincipalSID":"S-1-5-21-566060928-2936574977-4293486541-512","PrincipalType":"Group","RightName":"WriteDacl","IsInherited":false},{"PrincipalSID":"S-1-5-21-566060928-2936574977-4293486541-512","PrincipalType":"Group","RightName":"WriteOwner","IsInherited":false},{"PrincipalSID":"S-1-5-21-566060928-2936574977-4293486541-512","PrincipalType":"Group","RightName":"AllExtendedRights","IsInherited":false},{"PrincipalSID":"S-1-5-21-566060928-2936574977-4293486541-512","PrincipalType":"Group","RightName":"GenericWrite","IsInherited":false}],"ObjectIdentifier":"S-1-5-21-566060928-2936574977-4293486541-1000","IsDeleted":false,"IsACLProtected":true},{"Properties":{"domain":"NORTH.SEVENKINGDOMS.LOCAL","name":"JEOR.MORMONT@NORTH.SEVENKINGDOMS.LOCAL","distinguishedname":"CN=JEOR.MORMONT,CN=USERS,DC=NORTH,DC=SEVENKINGDOMS,DC=LOCAL","domainsid":"S-1-5-21-566060928-2936574977-4293486541","highvalue":false,"samaccountname":"jeor.mormont","description":"Jeor Mormont","whencreated":1671364089,"sensitive":false,"dontreqpreauth":false,"passwordnotreqd":false,"unconstraineddelegation":false,"pwdneverexpires":true,"enabled":true,"trustedtoauth":false,"lastlogon":0,"lastlogontimestamp":-1,"pwdlastset":1671372345,"serviceprincipalnames":[],"hasspn":false,"displayname":null,"email":null,"title":null,"homedirectory":null,"userpassword":null,"unixpassword":null,"unicodepassword":null,"sfupassword":null,"logonscript":null,"admincount":false,"sidhistory":[]},"AllowedToDelegate":[],"PrimaryGroupSID":"S-1-5-21-566060928-2936574977-4293486541-513","HasSIDHistory":[],"SPNTargets":[],"Aces":[{"PrincipalSID":"S-1-5-21-566060928-2936574977-4293486541-512","PrincipalType":"Group","RightName":"Owns","IsInherited":false},{"PrincipalSID":"NORTH.SEVENKINGDOMS.LOCAL-S-1-5-32-548","PrincipalType":"Group","RightName":"GenericAll","IsInherited":false},{"PrincipalSID":"S-1-5-21-566060928-2936574977-4293486541-512","PrincipalType":"Group","RightName":"GenericAll","IsInherited":false},{"PrincipalSID":"S-1-5-21-3262959479-855567469-2661024141-527","PrincipalType":"Base","RightName":"AddKeyCredentialLink","IsInherited":true},{"PrincipalSID":"S-1-5-21-566060928-2936574977-4293486541-526","PrincipalType":"Group","RightName":"AddKeyCredentialLink","IsInherited":true},{"PrincipalSID":"S-1-5-21-3262959479-855567469-2661024141-519","PrincipalType":"Base","RightName":"GenericAll","IsInherited":true},{"PrincipalSID":"NORTH.SEVENKINGDOMS.LOCAL-S-1-5-32-544","PrincipalType":"Group","RightName":"WriteDacl","IsInherited":true},{"PrincipalSID":"NORTH.SEVENKINGDOMS.LOCAL-S-1-5-32-544","PrincipalType":"Group","RightName":"WriteOwner","IsInherited":true},{"PrincipalSID":"NORTH.SEVENKINGDOMS.LOCAL-S-1-5-32-544","PrincipalType":"Group","RightName":"AllExtendedRights","IsInherited":true},{"PrincipalSID":"NORTH.SEVENKINGDOMS.LOCAL-S-1-5-32-544","PrincipalType":"Group","RightName":"GenericWrite","IsInherited":true}],"ObjectIdentifier":"S-1-5-21-566060928-2936574977-4293486541-1120","IsDeleted":false,"IsACLProtected":false},{"Properties":{"domain":"NORTH.SEVENKINGDOMS.LOCAL","name":"SANSA.STARK@NORTH.SEVENKINGDOMS.LOCAL","distinguishedname":"CN=SANSA.STARK,CN=USERS,DC=NORTH,DC=SEVENKINGDOMS,DC=LOCAL","domainsid":"S-1-5-21-566060928-2936574977-4293486541","highvalue":false,"samaccountname":"sansa.stark","description":"Sansa Stark","whencreated":1671364070,"sensitive":false,"dontreqpreauth":false,"passwordnotreqd":false,"unconstraineddelegation":false,"pwdneverexpires":true,"enabled":true,"trustedtoauth":false,"lastlogon":0,"lastlogontimestamp":-1,"pwdlastset":1671372331,"serviceprincipalnames":[],"hasspn":false,"displayname":null,"email":null,"title":null,"homedirectory":null,"userpassword":null,"unixpassword":null,"unicodepassword":null,"sfupassword":null,"logonscript":null,"admincount":false,"sidhistory":[]},"AllowedToDelegate":[],"PrimaryGroupSID":"S-1-5-21-566060928-2936574977-4293486541-513","HasSIDHistory":[],"SPNTargets":[],"Aces":[{"PrincipalSID":"S-1-5-21-566060928-2936574977-4293486541-512","PrincipalType":"Group","RightName":"Owns","IsInherited":false},{"PrincipalSID":"NORTH.SEVENKINGDOMS.LOCAL-S-1-5-32-548","PrincipalType":"Group","RightName":"GenericAll","IsInherited":false},{"PrincipalSID":"S-1-5-21-566060928-2936574977-4293486541-512","PrincipalType":"Group","RightName":"GenericAll","IsInherited":false},{"PrincipalSID":"S-1-5-21-3262959479-855567469-2661024141-527","PrincipalType":"Base","RightName":"AddKeyCredentialLink","IsInherited":true},{"PrincipalSID":"S-1-5-21-566060928-2936574977-4293486541-526","PrincipalType":"Group","RightName":"AddKeyCredentialLink","IsInherited":true},{"PrincipalSID":"S-1-5-21-3262959479-855567469-2661024141-519","PrincipalType":"Base","RightName":"GenericAll","IsInherited":true},{"PrincipalSID":"NORTH.SEVENKINGDOMS.LOCAL-S-1-5-32-544","PrincipalType":"Group","RightName":"WriteDacl","IsInherited":true},{"PrincipalSID":"NORTH.SEVENKINGDOMS.LOCAL-S-1-5-32-544","PrincipalType":"Group","RightName":"WriteOwner","IsInherited":true},{"PrincipalSID":"NORTH.SEVENKINGDOMS.LOCAL-S-1-5-32-544","PrincipalType":"Group","RightName":"AllExtendedRights","IsInherited":true},{"PrincipalSID":"NORTH.SEVENKINGDOMS.LOCAL-S-1-5-32-544","PrincipalType":"Group","RightName":"GenericWrite","IsInherited":true}],"ObjectIdentifier":"S-1-5-21-566060928-2936574977-4293486541-1114","IsDeleted":false,"IsACLProtected":false},{"Properties":{"domain":"NORTH.SEVENKINGDOMS.LOCAL","name":"GUEST@NORTH.SEVENKINGDOMS.LOCAL","distinguishedname":"CN=GUEST,CN=USERS,DC=NORTH,DC=SEVENKINGDOMS,DC=LOCAL","domainsid":"S-1-5-21-566060928-2936574977-4293486541","highvalue":false,"samaccountname":"Guest","description":"Built-in account for guest access to the computer/domain","whencreated":1671363351,"sensitive":false,"dontreqpreauth":false,"passwordnotreqd":true,"unconstraineddelegation":false,"pwdneverexpires":true,"enabled":false,"trustedtoauth":false,"lastlogon":0,"lastlogontimestamp":-1,"pwdlastset":0,"serviceprincipalnames":[],"hasspn":false,"displayname":null,"email":null,"title":null,"homedirectory":null,"userpassword":null,"unixpassword":null,"unicodepassword":null,"sfupassword":null,"logonscript":null,"admincount":false,"sidhistory":[]},"AllowedToDelegate":[],"PrimaryGroupSID":"S-1-5-21-566060928-2936574977-4293486541-514","HasSIDHistory":[],"SPNTargets":[],"Aces":[{"PrincipalSID":"NORTH.SEVENKINGDOMS.LOCAL-S-1-5-32-544","PrincipalType":"Group","RightName":"Owns","IsInherited":false},{"PrincipalSID":"NORTH.SEVENKINGDOMS.LOCAL-S-1-5-32-548","PrincipalType":"Group","RightName":"GenericAll","IsInherited":false},{"PrincipalSID":"S-1-5-21-566060928-2936574977-4293486541-512","PrincipalType":"Group","RightName":"GenericAll","IsInherited":false},{"PrincipalSID":"S-1-5-21-3262959479-855567469-2661024141-527","PrincipalType":"Base","RightName":"AddKeyCredentialLink","IsInherited":true},{"PrincipalSID":"S-1-5-21-566060928-2936574977-4293486541-526","PrincipalType":"Group","RightName":"AddKeyCredentialLink","IsInherited":true},{"PrincipalSID":"S-1-5-21-3262959479-855567469-2661024141-519","PrincipalType":"Base","RightName":"GenericAll","IsInherited":true},{"PrincipalSID":"NORTH.SEVENKINGDOMS.LOCAL-S-1-5-32-544","PrincipalType":"Group","RightName":"WriteDacl","IsInherited":true},{"PrincipalSID":"NORTH.SEVENKINGDOMS.LOCAL-S-1-5-32-544","PrincipalType":"Group","RightName":"WriteOwner","IsInherited":true},{"PrincipalSID":"NORTH.SEVENKINGDOMS.LOCAL-S-1-5-32-544","PrincipalType":"Group","RightName":"AllExtendedRights","IsInherited":true},{"PrincipalSID":"NORTH.SEVENKINGDOMS.LOCAL-S-1-5-32-544","PrincipalType":"Group","RightName":"GenericWrite","IsInherited":true}],"ObjectIdentifier":"S-1-5-21-566060928-2936574977-4293486541-501","IsDeleted":false,"IsACLProtected":false},{"Properties":{"domain":"NORTH.SEVENKINGDOMS.LOCAL","name":"ARYA.STARK@NORTH.SEVENKINGDOMS.LOCAL","distinguishedname":"CN=ARYA.STARK,CN=USERS,DC=NORTH,DC=SEVENKINGDOMS,DC=LOCAL","domainsid":"S-1-5-21-566060928-2936574977-4293486541","highvalue":false,"samaccountname":"arya.stark","description":"Arya Stark","whencreated":1671364057,"sensitive":false,"dontreqpreauth":false,"passwordnotreqd":false,"unconstraineddelegation":false,"pwdneverexpires":true,"enabled":true,"trustedtoauth":false,"lastlogon":0,"lastlogontimestamp":-1,"pwdlastset":1671372321,"serviceprincipalnames":[],"hasspn":false,"displayname":null,"email":null,"title":null,"homedirectory":null,"userpassword":null,"unixpassword":null,"unicodepassword":null,"sfupassword":null,"logonscript":null,"admincount":false,"sidhistory":[]},"AllowedToDelegate":[],"PrimaryGroupSID":"S-1-5-21-566060928-2936574977-4293486541-513","HasSIDHistory":[],"SPNTargets":[],"Aces":[{"PrincipalSID":"S-1-5-21-566060928-2936574977-4293486541-512","PrincipalType":"Group","RightName":"Owns","IsInherited":false},{"PrincipalSID":"NORTH.SEVENKINGDOMS.LOCAL-S-1-5-32-548","PrincipalType":"Group","RightName":"GenericAll","IsInherited":false},{"PrincipalSID":"S-1-5-21-566060928-2936574977-4293486541-512","PrincipalType":"Group","RightName":"GenericAll","IsInherited":false},{"PrincipalSID":"S-1-5-21-3262959479-855567469-2661024141-527","PrincipalType":"Base","RightName":"AddKeyCredentialLink","IsInherited":true},{"PrincipalSID":"S-1-5-21-566060928-2936574977-4293486541-526","PrincipalType":"Group","RightName":"AddKeyCredentialLink","IsInherited":true},{"PrincipalSID":"S-1-5-21-3262959479-855567469-2661024141-519","PrincipalType":"Base","RightName":"GenericAll","IsInherited":true},{"PrincipalSID":"NORTH.SEVENKINGDOMS.LOCAL-S-1-5-32-544","PrincipalType":"Group","RightName":"WriteDacl","IsInherited":true},{"PrincipalSID":"NORTH.SEVENKINGDOMS.LOCAL-S-1-5-32-544","PrincipalType":"Group","RightName":"WriteOwner","IsInherited":true},{"PrincipalSID":"NORTH.SEVENKINGDOMS.LOCAL-S-1-5-32-544","PrincipalType":"Group","RightName":"AllExtendedRights","IsInherited":true},{"PrincipalSID":"NORTH.SEVENKINGDOMS.LOCAL-S-1-5-32-544","PrincipalType":"Group","RightName":"GenericWrite","IsInherited":true}],"ObjectIdentifier":"S-1-5-21-566060928-2936574977-4293486541-1110","IsDeleted":false,"IsACLProtected":false},{"Properties":{"domain":"NORTH.SEVENKINGDOMS.LOCAL","name":"SAMWELL.TARLY@NORTH.SEVENKINGDOMS.LOCAL","distinguishedname":"CN=SAMWELL.TARLY,CN=USERS,DC=NORTH,DC=SEVENKINGDOMS,DC=LOCAL","domainsid":"S-1-5-21-566060928-2936574977-4293486541","highvalue":false,"samaccountname":"samwell.tarly","description":"Samwell Tarly (Password : Heartsbane)","whencreated":1671364086,"sensitive":false,"dontreqpreauth":false,"passwordnotreqd":false,"unconstraineddelegation":false,"pwdneverexpires":true,"enabled":true,"trustedtoauth":false,"lastlogon":0,"lastlogontimestamp":-1,"pwdlastset":1671372343,"serviceprincipalnames":[],"hasspn":false,"displayname":null,"email":null,"title":null,"homedirectory":null,"userpassword":null,"unixpassword":null,"unicodepassword":null,"sfupassword":null,"logonscript":null,"admincount":false,"sidhistory":[]},"AllowedToDelegate":[],"PrimaryGroupSID":"S-1-5-21-566060928-2936574977-4293486541-513","HasSIDHistory":[],"SPNTargets":[],"Aces":[{"PrincipalSID":"S-1-5-21-566060928-2936574977-4293486541-512","PrincipalType":"Group","RightName":"Owns","IsInherited":false},{"PrincipalSID":"NORTH.SEVENKINGDOMS.LOCAL-S-1-5-32-548","PrincipalType":"Group","RightName":"GenericAll","IsInherited":false},{"PrincipalSID":"S-1-5-21-566060928-2936574977-4293486541-512","PrincipalType":"Group","RightName":"GenericAll","IsInherited":false},{"PrincipalSID":"S-1-5-21-3262959479-855567469-2661024141-527","PrincipalType":"Base","RightName":"AddKeyCredentialLink","IsInherited":true},{"PrincipalSID":"S-1-5-21-566060928-2936574977-4293486541-526","PrincipalType":"Group","RightName":"AddKeyCredentialLink","IsInherited":true},{"PrincipalSID":"S-1-5-21-3262959479-855567469-2661024141-519","PrincipalType":"Base","RightName":"GenericAll","IsInherited":true},{"PrincipalSID":"NORTH.SEVENKINGDOMS.LOCAL-S-1-5-32-544","PrincipalType":"Group","RightName":"WriteDacl","IsInherited":true},{"PrincipalSID":"NORTH.SEVENKINGDOMS.LOCAL-S-1-5-32-544","PrincipalType":"Group","RightName":"WriteOwner","IsInherited":true},{"PrincipalSID":"NORTH.SEVENKINGDOMS.LOCAL-S-1-5-32-544","PrincipalType":"Group","RightName":"AllExtendedRights","IsInherited":true},{"PrincipalSID":"NORTH.SEVENKINGDOMS.LOCAL-S-1-5-32-544","PrincipalType":"Group","RightName":"GenericWrite","IsInherited":true}],"ObjectIdentifier":"S-1-5-21-566060928-2936574977-4293486541-1119","IsDeleted":false,"IsACLProtected":false},{"Properties":{"domain":"NORTH.SEVENKINGDOMS.LOCAL","name":"SQL_SVC@NORTH.SEVENKINGDOMS.LOCAL","distinguishedname":"CN=SQL_SVC,CN=USERS,DC=NORTH,DC=SEVENKINGDOMS,DC=LOCAL","domainsid":"S-1-5-21-566060928-2936574977-4293486541","highvalue":false,"samaccountname":"sql_svc","description":"sql service","whencreated":1671364092,"sensitive":false,"dontreqpreauth":false,"passwordnotreqd":false,"unconstraineddelegation":false,"pwdneverexpires":true,"enabled":true,"trustedtoauth":false,"lastlogon":1671487054,"lastlogontimestamp":1671364715,"pwdlastset":1671372347,"serviceprincipalnames":["MSSQLSvc/castelblack.north.sevenkingdoms.local","MSSQLSvc/castelblack.north.sevenkingdoms.local:1433"],"hasspn":true,"displayname":null,"email":null,"title":null,"homedirectory":null,"userpassword":null,"unixpassword":null,"unicodepassword":null,"sfupassword":null,"logonscript":null,"admincount":false,"sidhistory":[]},"AllowedToDelegate":[],"PrimaryGroupSID":"S-1-5-21-566060928-2936574977-4293486541-513","HasSIDHistory":[],"SPNTargets":[{"ComputerSID":"S-1-5-21-566060928-2936574977-4293486541-1104","Port":1433,"Service":"SQLAdmin"},{"ComputerSID":"S-1-5-21-566060928-2936574977-4293486541-1104","Port":1433,"Service":"SQLAdmin"}],"Aces":[{"PrincipalSID":"S-1-5-21-566060928-2936574977-4293486541-512","PrincipalType":"Group","RightName":"Owns","IsInherited":false},{"PrincipalSID":"NORTH.SEVENKINGDOMS.LOCAL-S-1-5-32-548","PrincipalType":"Group","RightName":"GenericAll","IsInherited":false},{"PrincipalSID":"S-1-5-21-566060928-2936574977-4293486541-512","PrincipalType":"Group","RightName":"GenericAll","IsInherited":false},{"PrincipalSID":"S-1-5-21-3262959479-855567469-2661024141-527","PrincipalType":"Base","RightName":"AddKeyCredentialLink","IsInherited":true},{"PrincipalSID":"S-1-5-21-566060928-2936574977-4293486541-526","PrincipalType":"Group","RightName":"AddKeyCredentialLink","IsInherited":true},{"PrincipalSID":"S-1-5-21-3262959479-855567469-2661024141-519","PrincipalType":"Base","RightName":"GenericAll","IsInherited":true},{"PrincipalSID":"NORTH.SEVENKINGDOMS.LOCAL-S-1-5-32-544","PrincipalType":"Group","RightName":"WriteDacl","IsInherited":true},{"PrincipalSID":"NORTH.SEVENKINGDOMS.LOCAL-S-1-5-32-544","PrincipalType":"Group","RightName":"WriteOwner","IsInherited":true},{"PrincipalSID":"NORTH.SEVENKINGDOMS.LOCAL-S-1-5-32-544","PrincipalType":"Group","RightName":"AllExtendedRights","IsInherited":true},{"PrincipalSID":"NORTH.SEVENKINGDOMS.LOCAL-S-1-5-32-544","PrincipalType":"Group","RightName":"GenericWrite","IsInherited":true}],"ObjectIdentifier":"S-1-5-21-566060928-2936574977-4293486541-1121","IsDeleted":false,"IsACLProtected":false},{"Properties":{"domain":"NORTH.SEVENKINGDOMS.LOCAL","name":"JON.SNOW@NORTH.SEVENKINGDOMS.LOCAL","distinguishedname":"CN=JON.SNOW,CN=USERS,DC=NORTH,DC=SEVENKINGDOMS,DC=LOCAL","domainsid":"S-1-5-21-566060928-2936574977-4293486541","highvalue":false,"samaccountname":"jon.snow","description":"Jon Snow","whencreated":1671364083,"sensitive":false,"dontreqpreauth":false,"passwordnotreqd":false,"unconstraineddelegation":false,"pwdneverexpires":true,"enabled":true,"trustedtoauth":true,"allowedtodelegate":["CIFS/winterfell","CIFS/winterfell.north.sevenkingdoms.local"],"lastlogon":0,"lastlogontimestamp":-1,"pwdlastset":1671372340,"serviceprincipalnames":["CIFS/winterfell.north.sevenkingdoms.local","HTTP/thewall.north.sevenkingdoms.local"],"hasspn":true,"displayname":null,"email":null,"title":null,"homedirectory":null,"userpassword":null,"unixpassword":null,"unicodepassword":null,"sfupassword":null,"logonscript":null,"admincount":false,"sidhistory":[]},"AllowedToDelegate":[{"ObjectIdentifier":"S-1-5-21-566060928-2936574977-4293486541-1001","ObjectType":"Computer"}],"PrimaryGroupSID":"S-1-5-21-566060928-2936574977-4293486541-513","HasSIDHistory":[],"SPNTargets":[],"Aces":[{"PrincipalSID":"S-1-5-21-566060928-2936574977-4293486541-512","PrincipalType":"Group","RightName":"Owns","IsInherited":false},{"PrincipalSID":"NORTH.SEVENKINGDOMS.LOCAL-S-1-5-32-548","PrincipalType":"Group","RightName":"GenericAll","IsInherited":false},{"PrincipalSID":"S-1-5-21-566060928-2936574977-4293486541-512","PrincipalType":"Group","RightName":"GenericAll","IsInherited":false},{"PrincipalSID":"S-1-5-21-3262959479-855567469-2661024141-527","PrincipalType":"Base","RightName":"AddKeyCredentialLink","IsInherited":true},{"PrincipalSID":"S-1-5-21-566060928-2936574977-4293486541-526","PrincipalType":"Group","RightName":"AddKeyCredentialLink","IsInherited":true},{"PrincipalSID":"S-1-5-21-3262959479-855567469-2661024141-519","PrincipalType":"Base","RightName":"GenericAll","IsInherited":true},{"PrincipalSID":"NORTH.SEVENKINGDOMS.LOCAL-S-1-5-32-544","PrincipalType":"Group","RightName":"WriteDacl","IsInherited":true},{"PrincipalSID":"NORTH.SEVENKINGDOMS.LOCAL-S-1-5-32-544","PrincipalType":"Group","RightName":"WriteOwner","IsInherited":true},{"PrincipalSID":"NORTH.SEVENKINGDOMS.LOCAL-S-1-5-32-544","PrincipalType":"Group","RightName":"AllExtendedRights","IsInherited":true},{"PrincipalSID":"NORTH.SEVENKINGDOMS.LOCAL-S-1-5-32-544","PrincipalType":"Group","RightName":"GenericWrite","IsInherited":true}],"ObjectIdentifier":"S-1-5-21-566060928-2936574977-4293486541-1118","IsDeleted":false,"IsACLProtected":false}],"meta":{"methods":29695,"type":"users","count":16,"version":5}}