﻿{"data":[{"Properties":{"domain":"NORTH.SEVENKINGDOMS.LOCAL","name":"STARK@NORTH.SEVENKINGDOMS.LOCAL","distinguishedname":"CN=STARK,CN=USERS,DC=NORTH,DC=SEVENKINGDOMS,DC=LOCAL","domainsid":"S-1-5-21-566060928-2936574977-4293486541","highvalue":false,"samaccountname":"Stark","description":null,"whencreated":1671364043,"admincount":false},"Members":[{"ObjectIdentifier":"S-1-5-21-566060928-2936574977-4293486541-1118","ObjectType":"User"},{"ObjectIdentifier":"S-1-5-21-566060928-2936574977-4293486541-1117","ObjectType":"User"},{"ObjectIdentifier":"S-1-5-21-566060928-2936574977-4293486541-1116","ObjectType":"User"},{"ObjectIdentifier":"S-1-5-21-566060928-2936574977-4293486541-1115","ObjectType":"User"},{"ObjectIdentifier":"S-1-5-21-566060928-2936574977-4293486541-1114","ObjectType":"User"},{"ObjectIdentifier":"S-1-5-21-566060928-2936574977-4293486541-1113","ObjectType":"User"},{"ObjectIdentifier":"S-1-5-21-566060928-2936574977-4293486541-1112","ObjectType":"User"},{"ObjectIdentifier":"S-1-5-21-566060928-2936574977-4293486541-1111","ObjectType":"User"},{"ObjectIdentifier":"S-1-5-21-566060928-2936574977-4293486541-1110","ObjectType":"User"}],"Aces":[{"PrincipalSID":"S-1-5-21-566060928-2936574977-4293486541-1000","PrincipalType":"User","RightName":"Owns","IsInherited":false},{"PrincipalSID":"NORTH.SEVENKINGDOMS.LOCAL-S-1-5-32-548","PrincipalType":"Group","RightName":"GenericAll","IsInherited":false},{"PrincipalSID":"S-1-5-21-566060928-2936574977-4293486541-512","PrincipalType":"Group","RightName":"GenericAll","IsInherited":false},{"PrincipalSID":"S-1-5-21-3262959479-855567469-2661024141-519","PrincipalType":"Base","RightName":"GenericAll","IsInherited":true},{"PrincipalSID":"NORTH.SEVENKINGDOMS.LOCAL-S-1-5-32-544","PrincipalType":"Group","RightName":"WriteDacl","IsInherited":true},{"PrincipalSID":"NORTH.SEVENKINGDOMS.LOCAL-S-1-5-32-544","PrincipalType":"Group","RightName":"WriteOwner","IsInherited":true},{"PrincipalSID":"NORTH.SEVENKINGDOMS.LOCAL-S-1-5-32-544","PrincipalType":"Group","RightName":"GenericWrite","IsInherited":true}],"ObjectIdentifier":"S-1-5-21-566060928-2936574977-4293486541-1106","IsDeleted":false,"IsACLProtected":false},{"Properties":{"domain":"NORTH.SEVENKINGDOMS.LOCAL","name":"DOMAIN COMPUTERS@NORTH.SEVENKINGDOMS.LOCAL","distinguishedname":"CN=DOMAIN COMPUTERS,CN=USERS,DC=NORTH,DC=SEVENKINGDOMS,DC=LOCAL","domainsid":"S-1-5-21-566060928-2936574977-4293486541","highvalue":false,"samaccountname":"Domain Computers","description":"All workstations and servers joined to the domain","whencreated":1671363376,"admincount":false},"Members":[],"Aces":[{"PrincipalSID":"S-1-5-21-566060928-2936574977-4293486541-512","PrincipalType":"Group","RightName":"Owns","IsInherited":false},{"PrincipalSID":"NORTH.SEVENKINGDOMS.LOCAL-S-1-5-32-548","PrincipalType":"Group","RightName":"GenericAll","IsInherited":false},{"PrincipalSID":"S-1-5-21-566060928-2936574977-4293486541-512","PrincipalType":"Group","RightName":"GenericAll","IsInherited":false},{"PrincipalSID":"S-1-5-21-3262959479-855567469-2661024141-519","PrincipalType":"Base","RightName":"GenericAll","IsInherited":true},{"PrincipalSID":"NORTH.SEVENKINGDOMS.LOCAL-S-1-5-32-544","PrincipalType":"Group","RightName":"WriteDacl","IsInherited":true},{"PrincipalSID":"NORTH.SEVENKINGDOMS.LOCAL-S-1-5-32-544","PrincipalType":"Group","RightName":"WriteOwner","IsInherited":true},{"PrincipalSID":"NORTH.SEVENKINGDOMS.LOCAL-S-1-5-32-544","PrincipalType":"Group","RightName":"GenericWrite","IsInherited":true}],"ObjectIdentifier":"S-1-5-21-566060928-2936574977-4293486541-515","IsDeleted":false,"IsACLProtected":false},{"Properties":{"domain":"NORTH.SEVENKINGDOMS.LOCAL","name":"CERT PUBLISHERS@NORTH.SEVENKINGDOMS.LOCAL","distinguishedname":"CN=CERT PUBLISHERS,CN=USERS,DC=NORTH,DC=SEVENKINGDOMS,DC=LOCAL","domainsid":"S-1-5-21-566060928-2936574977-4293486541","highvalue":false,"samaccountname":"Cert Publishers","description":"Members of this group are permitted to publish certificates to the directory","whencreated":1671363376,"admincount":false},"Members":[],"Aces":[{"PrincipalSID":"S-1-5-21-566060928-2936574977-4293486541-512","PrincipalType":"Group","RightName":"Owns","IsInherited":false},{"PrincipalSID":"NORTH.SEVENKINGDOMS.LOCAL-S-1-5-32-548","PrincipalType":"Group","RightName":"GenericAll","IsInherited":false},{"PrincipalSID":"S-1-5-21-566060928-2936574977-4293486541-512","PrincipalType":"Group","RightName":"GenericAll","IsInherited":false},{"PrincipalSID":"S-1-5-21-3262959479-855567469-2661024141-519","PrincipalType":"Base","RightName":"GenericAll","IsInherited":true},{"PrincipalSID":"NORTH.SEVENKINGDOMS.LOCAL-S-1-5-32-544","PrincipalType":"Group","RightName":"WriteDacl","IsInherited":true},{"PrincipalSID":"NORTH.SEVENKINGDOMS.LOCAL-S-1-5-32-544","PrincipalType":"Group","RightName":"WriteOwner","IsInherited":true},{"PrincipalSID":"NORTH.SEVENKINGDOMS.LOCAL-S-1-5-32-544","PrincipalType":"Group","RightName":"GenericWrite","IsInherited":true}],"ObjectIdentifier":"S-1-5-21-566060928-2936574977-4293486541-517","IsDeleted":false,"IsACLProtected":false},{"Properties":{"domain":"NORTH.SEVENKINGDOMS.LOCAL","name":"DOMAIN ADMINS@NORTH.SEVENKINGDOMS.LOCAL","distinguishedname":"CN=DOMAIN ADMINS,CN=USERS,DC=NORTH,DC=SEVENKINGDOMS,DC=LOCAL","domainsid":"S-1-5-21-566060928-2936574977-4293486541","highvalue":true,"samaccountname":"Domain Admins","description":"Designated administrators of the domain","whencreated":1671363376,"admincount":true},"Members":[{"ObjectIdentifier":"S-1-5-21-566060928-2936574977-4293486541-1111","ObjectType":"User"},{"ObjectIdentifier":"S-1-5-21-566060928-2936574977-4293486541-500","ObjectType":"User"}],"Aces":[{"PrincipalSID":"S-1-5-21-566060928-2936574977-4293486541-512","PrincipalType":"Group","RightName":"Owns","IsInherited":false},{"PrincipalSID":"NORTH.SEVENKINGDOMS.LOCAL-S-1-5-32-544","PrincipalType":"Group","RightName":"WriteDacl","IsInherited":false},{"PrincipalSID":"NORTH.SEVENKINGDOMS.LOCAL-S-1-5-32-544","PrincipalType":"Group","RightName":"WriteOwner","IsInherited":false},{"PrincipalSID":"NORTH.SEVENKINGDOMS.LOCAL-S-1-5-32-544","PrincipalType":"Group","RightName":"GenericWrite","IsInherited":false},{"PrincipalSID":"S-1-5-21-3262959479-855567469-2661024141-519","PrincipalType":"Base","RightName":"WriteDacl","IsInherited":false},{"PrincipalSID":"S-1-5-21-3262959479-855567469-2661024141-519","PrincipalType":"Base","RightName":"WriteOwner","IsInherited":false},{"PrincipalSID":"S-1-5-21-3262959479-855567469-2661024141-519","PrincipalType":"Base","RightName":"GenericWrite","IsInherited":false},{"PrincipalSID":"S-1-5-21-566060928-2936574977-4293486541-512","PrincipalType":"Group","RightName":"WriteDacl","IsInherited":false},{"PrincipalSID":"S-1-5-21-566060928-2936574977-4293486541-512","PrincipalType":"Group","RightName":"WriteOwner","IsInherited":false},{"PrincipalSID":"S-1-5-21-566060928-2936574977-4293486541-512","PrincipalType":"Group","RightName":"GenericWrite","IsInherited":false}],"ObjectIdentifier":"S-1-5-21-566060928-2936574977-4293486541-512","IsDeleted":false,"IsACLProtected":true},{"Properties":{"domain":"NORTH.SEVENKINGDOMS.LOCAL","name":"DOMAIN CONTROLLERS@NORTH.SEVENKINGDOMS.LOCAL","distinguishedname":"CN=DOMAIN CONTROLLERS,CN=USERS,DC=NORTH,DC=SEVENKINGDOMS,DC=LOCAL","domainsid":"S-1-5-21-566060928-2936574977-4293486541","highvalue":true,"samaccountname":"Domain Controllers","description":"All domain controllers in the domain","whencreated":1671363376,"admincount":true},"Members":[],"Aces":[{"PrincipalSID":"S-1-5-21-566060928-2936574977-4293486541-512","PrincipalType":"Group","RightName":"Owns","IsInherited":false},{"PrincipalSID":"NORTH.SEVENKINGDOMS.LOCAL-S-1-5-32-544","PrincipalType":"Group","RightName":"WriteDacl","IsInherited":false},{"PrincipalSID":"NORTH.SEVENKINGDOMS.LOCAL-S-1-5-32-544","PrincipalType":"Group","RightName":"WriteOwner","IsInherited":false},{"PrincipalSID":"NORTH.SEVENKINGDOMS.LOCAL-S-1-5-32-544","PrincipalType":"Group","RightName":"GenericWrite","IsInherited":false},{"PrincipalSID":"S-1-5-21-3262959479-855567469-2661024141-519","PrincipalType":"Base","RightName":"WriteDacl","IsInherited":false},{"PrincipalSID":"S-1-5-21-3262959479-855567469-2661024141-519","PrincipalType":"Base","RightName":"WriteOwner","IsInherited":false},{"PrincipalSID":"S-1-5-21-3262959479-855567469-2661024141-519","PrincipalType":"Base","RightName":"GenericWrite","IsInherited":false},{"PrincipalSID":"S-1-5-21-566060928-2936574977-4293486541-512","PrincipalType":"Group","RightName":"WriteDacl","IsInherited":false},{"PrincipalSID":"S-1-5-21-566060928-2936574977-4293486541-512","PrincipalType":"Group","RightName":"WriteOwner","IsInherited":false},{"PrincipalSID":"S-1-5-21-566060928-2936574977-4293486541-512","PrincipalType":"Group","RightName":"GenericWrite","IsInherited":false}],"ObjectIdentifier":"S-1-5-21-566060928-2936574977-4293486541-516","IsDeleted":false,"IsACLProtected":true},{"Properties":{"domain":"NORTH.SEVENKINGDOMS.LOCAL","name":"READ-ONLY DOMAIN CONTROLLERS@NORTH.SEVENKINGDOMS.LOCAL","distinguishedname":"CN=READ-ONLY DOMAIN CONTROLLERS,CN=USERS,DC=NORTH,DC=SEVENKINGDOMS,DC=LOCAL","domainsid":"S-1-5-21-566060928-2936574977-4293486541","highvalue":false,"samaccountname":"Read-only Domain Controllers","description":"Members of this group are Read-Only Domain Controllers in the domain","whencreated":1671363376,"admincount":true},"Members":[],"Aces":[{"PrincipalSID":"S-1-5-21-566060928-2936574977-4293486541-512","PrincipalType":"Group","RightName":"Owns","IsInherited":false},{"PrincipalSID":"NORTH.SEVENKINGDOMS.LOCAL-S-1-5-32-544","PrincipalType":"Group","RightName":"WriteDacl","IsInherited":false},{"PrincipalSID":"NORTH.SEVENKINGDOMS.LOCAL-S-1-5-32-544","PrincipalType":"Group","RightName":"WriteOwner","IsInherited":false},{"PrincipalSID":"NORTH.SEVENKINGDOMS.LOCAL-S-1-5-32-544","PrincipalType":"Group","RightName":"GenericWrite","IsInherited":false},{"PrincipalSID":"S-1-5-21-3262959479-855567469-2661024141-519","PrincipalType":"Base","RightName":"WriteDacl","IsInherited":false},{"PrincipalSID":"S-1-5-21-3262959479-855567469-2661024141-519","PrincipalType":"Base","RightName":"WriteOwner","IsInherited":false},{"PrincipalSID":"S-1-5-21-3262959479-855567469-2661024141-519","PrincipalType":"Base","RightName":"GenericWrite","IsInherited":false},{"PrincipalSID":"S-1-5-21-566060928-2936574977-4293486541-512","PrincipalType":"Group","RightName":"WriteDacl","IsInherited":false},{"PrincipalSID":"S-1-5-21-566060928-2936574977-4293486541-512","PrincipalType":"Group","RightName":"WriteOwner","IsInherited":false},{"PrincipalSID":"S-1-5-21-566060928-2936574977-4293486541-512","PrincipalType":"Group","RightName":"GenericWrite","IsInherited":false}],"ObjectIdentifier":"S-1-5-21-566060928-2936574977-4293486541-521","IsDeleted":false,"IsACLProtected":true},{"Properties":{"domain":"NORTH.SEVENKINGDOMS.LOCAL","name":"BACKUP OPERATORS@NORTH.SEVENKINGDOMS.LOCAL","distinguishedname":"CN=BACKUP OPERATORS,CN=BUILTIN,DC=NORTH,DC=SEVENKINGDOMS,DC=LOCAL","domainsid":null,"highvalue":true,"samaccountname":"Backup Operators","description":"Backup Operators can override security restrictions for the sole purpose of backing up or restoring files","whencreated":1671363351,"admincount":true},"Members":[],"Aces":[{"PrincipalSID":"S-1-5-21-566060928-2936574977-4293486541-512","PrincipalType":"Group","RightName":"Owns","IsInherited":false},{"PrincipalSID":"NORTH.SEVENKINGDOMS.LOCAL-S-1-5-32-544","PrincipalType":"Group","RightName":"WriteDacl","IsInherited":false},{"PrincipalSID":"NORTH.SEVENKINGDOMS.LOCAL-S-1-5-32-544","PrincipalType":"Group","RightName":"WriteOwner","IsInherited":false},{"PrincipalSID":"NORTH.SEVENKINGDOMS.LOCAL-S-1-5-32-544","PrincipalType":"Group","RightName":"GenericWrite","IsInherited":false},{"PrincipalSID":"S-1-5-21-3262959479-855567469-2661024141-519","PrincipalType":"Base","RightName":"WriteDacl","IsInherited":false},{"PrincipalSID":"S-1-5-21-3262959479-855567469-2661024141-519","PrincipalType":"Base","RightName":"WriteOwner","IsInherited":false},{"PrincipalSID":"S-1-5-21-3262959479-855567469-2661024141-519","PrincipalType":"Base","RightName":"GenericWrite","IsInherited":false},{"PrincipalSID":"S-1-5-21-566060928-2936574977-4293486541-512","PrincipalType":"Group","RightName":"WriteDacl","IsInherited":false},{"PrincipalSID":"S-1-5-21-566060928-2936574977-4293486541-512","PrincipalType":"Group","RightName":"WriteOwner","IsInherited":false},{"PrincipalSID":"S-1-5-21-566060928-2936574977-4293486541-512","PrincipalType":"Group","RightName":"GenericWrite","IsInherited":false}],"ObjectIdentifier":"NORTH.SEVENKINGDOMS.LOCAL-S-1-5-32-551","IsDeleted":false,"IsACLProtected":true},{"Properties":{"domain":"NORTH.SEVENKINGDOMS.LOCAL","name":"GROUP POLICY CREATOR OWNERS@NORTH.SEVENKINGDOMS.LOCAL","distinguishedname":"CN=GROUP POLICY CREATOR OWNERS,CN=USERS,DC=NORTH,DC=SEVENKINGDOMS,DC=LOCAL","domainsid":"S-1-5-21-566060928-2936574977-4293486541","highvalue":false,"samaccountname":"Group Policy Creator Owners","description":"Members in this group can modify group policy for the domain","whencreated":1671363376,"admincount":false},"Members":[{"ObjectIdentifier":"S-1-5-21-566060928-2936574977-4293486541-500","ObjectType":"User"}],"Aces":[{"PrincipalSID":"S-1-5-21-566060928-2936574977-4293486541-512","PrincipalType":"Group","RightName":"Owns","IsInherited":false},{"PrincipalSID":"NORTH.SEVENKINGDOMS.LOCAL-S-1-5-32-548","PrincipalType":"Group","RightName":"GenericAll","IsInherited":false},{"PrincipalSID":"S-1-5-21-566060928-2936574977-4293486541-512","PrincipalType":"Group","RightName":"GenericAll","IsInherited":false},{"PrincipalSID":"S-1-5-21-3262959479-855567469-2661024141-519","PrincipalType":"Base","RightName":"GenericAll","IsInherited":true},{"PrincipalSID":"NORTH.SEVENKINGDOMS.LOCAL-S-1-5-32-544","PrincipalType":"Group","RightName":"WriteDacl","IsInherited":true},{"PrincipalSID":"NORTH.SEVENKINGDOMS.LOCAL-S-1-5-32-544","PrincipalType":"Group","RightName":"WriteOwner","IsInherited":true},{"PrincipalSID":"NORTH.SEVENKINGDOMS.LOCAL-S-1-5-32-544","PrincipalType":"Group","RightName":"GenericWrite","IsInherited":true}],"ObjectIdentifier":"S-1-5-21-566060928-2936574977-4293486541-520","IsDeleted":false,"IsACLProtected":false},{"Properties":{"domain":"NORTH.SEVENKINGDOMS.LOCAL","name":"PRINT OPERATORS@NORTH.SEVENKINGDOMS.LOCAL","distinguishedname":"CN=PRINT OPERATORS,CN=BUILTIN,DC=NORTH,DC=SEVENKINGDOMS,DC=LOCAL","domainsid":null,"highvalue":true,"samaccountname":"Print Operators","description":"Members can administer printers installed on domain controllers","whencreated":1671363351,"admincount":true},"Members":[],"Aces":[{"PrincipalSID":"S-1-5-21-566060928-2936574977-4293486541-512","PrincipalType":"Group","RightName":"Owns","IsInherited":false},{"PrincipalSID":"NORTH.SEVENKINGDOMS.LOCAL-S-1-5-32-544","PrincipalType":"Group","RightName":"WriteDacl","IsInherited":false},{"PrincipalSID":"NORTH.SEVENKINGDOMS.LOCAL-S-1-5-32-544","PrincipalType":"Group","RightName":"WriteOwner","IsInherited":false},{"PrincipalSID":"NORTH.SEVENKINGDOMS.LOCAL-S-1-5-32-544","PrincipalType":"Group","RightName":"GenericWrite","IsInherited":false},{"PrincipalSID":"S-1-5-21-3262959479-855567469-2661024141-519","PrincipalType":"Base","RightName":"WriteDacl","IsInherited":false},{"PrincipalSID":"S-1-5-21-3262959479-855567469-2661024141-519","PrincipalType":"Base","RightName":"WriteOwner","IsInherited":false},{"PrincipalSID":"S-1-5-21-3262959479-855567469-2661024141-519","PrincipalType":"Base","RightName":"GenericWrite","IsInherited":false},{"PrincipalSID":"S-1-5-21-566060928-2936574977-4293486541-512","PrincipalType":"Group","RightName":"WriteDacl","IsInherited":false},{"PrincipalSID":"S-1-5-21-566060928-2936574977-4293486541-512","PrincipalType":"Group","RightName":"WriteOwner","IsInherited":false},{"PrincipalSID":"S-1-5-21-566060928-2936574977-4293486541-512","PrincipalType":"Group","RightName":"GenericWrite","IsInherited":false}],"ObjectIdentifier":"NORTH.SEVENKINGDOMS.LOCAL-S-1-5-32-550","IsDeleted":false,"IsACLProtected":true},{"Properties":{"domain":"NORTH.SEVENKINGDOMS.LOCAL","name":"CLONEABLE DOMAIN CONTROLLERS@NORTH.SEVENKINGDOMS.LOCAL","distinguishedname":"CN=CLONEABLE DOMAIN CONTROLLERS,CN=USERS,DC=NORTH,DC=SEVENKINGDOMS,DC=LOCAL","domainsid":"S-1-5-21-566060928-2936574977-4293486541","highvalue":false,"samaccountname":"Cloneable Domain Controllers","description":"Members of this group that are domain controllers may be cloned.","whencreated":1671363376,"admincount":false},"Members":[],"Aces":[{"PrincipalSID":"S-1-5-21-566060928-2936574977-4293486541-512","PrincipalType":"Group","RightName":"Owns","IsInherited":false},{"PrincipalSID":"NORTH.SEVENKINGDOMS.LOCAL-S-1-5-32-548","PrincipalType":"Group","RightName":"GenericAll","IsInherited":false},{"PrincipalSID":"S-1-5-21-566060928-2936574977-4293486541-512","PrincipalType":"Group","RightName":"GenericAll","IsInherited":false},{"PrincipalSID":"S-1-5-21-3262959479-855567469-2661024141-519","PrincipalType":"Base","RightName":"GenericAll","IsInherited":true},{"PrincipalSID":"NORTH.SEVENKINGDOMS.LOCAL-S-1-5-32-544","PrincipalType":"Group","RightName":"WriteDacl","IsInherited":true},{"PrincipalSID":"NORTH.SEVENKINGDOMS.LOCAL-S-1-5-32-544","PrincipalType":"Group","RightName":"WriteOwner","IsInherited":true},{"PrincipalSID":"NORTH.SEVENKINGDOMS.LOCAL-S-1-5-32-544","PrincipalType":"Group","RightName":"GenericWrite","IsInherited":true}],"ObjectIdentifier":"S-1-5-21-566060928-2936574977-4293486541-522","IsDeleted":false,"IsACLProtected":false},{"Properties":{"domain":"NORTH.SEVENKINGDOMS.LOCAL","name":"REPLICATORS@NORTH.SEVENKINGDOMS.LOCAL","distinguishedname":"CN=REPLICATOR,CN=BUILTIN,DC=NORTH,DC=SEVENKINGDOMS,DC=LOCAL","domainsid":null,"highvalue":false,"samaccountname":"Replicator","description":"Supports file replication in a domain","whencreated":1671363351,"admincount":true},"Members":[],"Aces":[{"PrincipalSID":"S-1-5-21-566060928-2936574977-4293486541-512","PrincipalType":"Group","RightName":"Owns","IsInherited":false},{"PrincipalSID":"NORTH.SEVENKINGDOMS.LOCAL-S-1-5-32-544","PrincipalType":"Group","RightName":"WriteDacl","IsInherited":false},{"PrincipalSID":"NORTH.SEVENKINGDOMS.LOCAL-S-1-5-32-544","PrincipalType":"Group","RightName":"WriteOwner","IsInherited":false},{"PrincipalSID":"NORTH.SEVENKINGDOMS.LOCAL-S-1-5-32-544","PrincipalType":"Group","RightName":"GenericWrite","IsInherited":false},{"PrincipalSID":"S-1-5-21-3262959479-855567469-2661024141-519","PrincipalType":"Base","RightName":"WriteDacl","IsInherited":false},{"PrincipalSID":"S-1-5-21-3262959479-855567469-2661024141-519","PrincipalType":"Base","RightName":"WriteOwner","IsInherited":false},{"PrincipalSID":"S-1-5-21-3262959479-855567469-2661024141-519","PrincipalType":"Base","RightName":"GenericWrite","IsInherited":false},{"PrincipalSID":"S-1-5-21-566060928-2936574977-4293486541-512","PrincipalType":"Group","RightName":"WriteDacl","IsInherited":false},{"PrincipalSID":"S-1-5-21-566060928-2936574977-4293486541-512","PrincipalType":"Group","RightName":"WriteOwner","IsInherited":false},{"PrincipalSID":"S-1-5-21-566060928-2936574977-4293486541-512","PrincipalType":"Group","RightName":"GenericWrite","IsInherited":false}],"ObjectIdentifier":"NORTH.SEVENKINGDOMS.LOCAL-S-1-5-32-552","IsDeleted":false,"IsACLProtected":true},{"Properties":{"domain":"NORTH.SEVENKINGDOMS.LOCAL","name":"ACCOUNT OPERATORS@NORTH.SEVENKINGDOMS.LOCAL","distinguishedname":"CN=ACCOUNT OPERATORS,CN=BUILTIN,DC=NORTH,DC=SEVENKINGDOMS,DC=LOCAL","domainsid":null,"highvalue":true,"samaccountname":"Account Operators","description":"Members can administer domain user and group accounts","whencreated":1671363376,"admincount":true},"Members":[],"Aces":[{"PrincipalSID":"S-1-5-21-566060928-2936574977-4293486541-512","PrincipalType":"Group","RightName":"Owns","IsInherited":false},{"PrincipalSID":"NORTH.SEVENKINGDOMS.LOCAL-S-1-5-32-544","PrincipalType":"Group","RightName":"WriteDacl","IsInherited":false},{"PrincipalSID":"NORTH.SEVENKINGDOMS.LOCAL-S-1-5-32-544","PrincipalType":"Group","RightName":"WriteOwner","IsInherited":false},{"PrincipalSID":"NORTH.SEVENKINGDOMS.LOCAL-S-1-5-32-544","PrincipalType":"Group","RightName":"GenericWrite","IsInherited":false},{"PrincipalSID":"S-1-5-21-3262959479-855567469-2661024141-519","PrincipalType":"Base","RightName":"WriteDacl","IsInherited":false},{"PrincipalSID":"S-1-5-21-3262959479-855567469-2661024141-519","PrincipalType":"Base","RightName":"WriteOwner","IsInherited":false},{"PrincipalSID":"S-1-5-21-3262959479-855567469-2661024141-519","PrincipalType":"Base","RightName":"GenericWrite","IsInherited":false},{"PrincipalSID":"S-1-5-21-566060928-2936574977-4293486541-512","PrincipalType":"Group","RightName":"WriteDacl","IsInherited":false},{"PrincipalSID":"S-1-5-21-566060928-2936574977-4293486541-512","PrincipalType":"Group","RightName":"WriteOwner","IsInherited":false},{"PrincipalSID":"S-1-5-21-566060928-2936574977-4293486541-512","PrincipalType":"Group","RightName":"GenericWrite","IsInherited":false}],"ObjectIdentifier":"NORTH.SEVENKINGDOMS.LOCAL-S-1-5-32-548","IsDeleted":false,"IsACLProtected":true},{"Properties":{"domain":"NORTH.SEVENKINGDOMS.LOCAL","name":"SERVER OPERATORS@NORTH.SEVENKINGDOMS.LOCAL","distinguishedname":"CN=SERVER OPERATORS,CN=BUILTIN,DC=NORTH,DC=SEVENKINGDOMS,DC=LOCAL","domainsid":null,"highvalue":true,"samaccountname":"Server Operators","description":"Members can administer domain servers","whencreated":1671363376,"admincount":true},"Members":[],"Aces":[{"PrincipalSID":"S-1-5-21-566060928-2936574977-4293486541-512","PrincipalType":"Group","RightName":"Owns","IsInherited":false},{"PrincipalSID":"NORTH.SEVENKINGDOMS.LOCAL-S-1-5-32-544","PrincipalType":"Group","RightName":"WriteDacl","IsInherited":false},{"PrincipalSID":"NORTH.SEVENKINGDOMS.LOCAL-S-1-5-32-544","PrincipalType":"Group","RightName":"WriteOwner","IsInherited":false},{"PrincipalSID":"NORTH.SEVENKINGDOMS.LOCAL-S-1-5-32-544","PrincipalType":"Group","RightName":"GenericWrite","IsInherited":false},{"PrincipalSID":"S-1-5-21-3262959479-855567469-2661024141-519","PrincipalType":"Base","RightName":"WriteDacl","IsInherited":false},{"PrincipalSID":"S-1-5-21-3262959479-855567469-2661024141-519","PrincipalType":"Base","RightName":"WriteOwner","IsInherited":false},{"PrincipalSID":"S-1-5-21-3262959479-855567469-2661024141-519","PrincipalType":"Base","RightName":"GenericWrite","IsInherited":false},{"PrincipalSID":"S-1-5-21-566060928-2936574977-4293486541-512","PrincipalType":"Group","RightName":"WriteDacl","IsInherited":false},{"PrincipalSID":"S-1-5-21-566060928-2936574977-4293486541-512","PrincipalType":"Group","RightName":"WriteOwner","IsInherited":false},{"PrincipalSID":"S-1-5-21-566060928-2936574977-4293486541-512","PrincipalType":"Group","RightName":"GenericWrite","IsInherited":false}],"ObjectIdentifier":"NORTH.SEVENKINGDOMS.LOCAL-S-1-5-32-549","IsDeleted":false,"IsACLProtected":true},{"Properties":{"domain":"NORTH.SEVENKINGDOMS.LOCAL","name":"REMOTE MANAGEMENT USERS@NORTH.SEVENKINGDOMS.LOCAL","distinguishedname":"CN=REMOTE MANAGEMENT USERS,CN=BUILTIN,DC=NORTH,DC=SEVENKINGDOMS,DC=LOCAL","domainsid":null,"highvalue":false,"samaccountname":"Remote Management Users","description":"Members of this group can access WMI resources over management protocols (such as WS-Management via the Windows Remote Management service). This applies only to WMI namespaces that grant access to the user.","whencreated":1671363351,"admincount":false},"Members":[],"Aces":[{"PrincipalSID":"NORTH.SEVENKINGDOMS.LOCAL-S-1-5-32-544","PrincipalType":"Group","RightName":"Owns","IsInherited":false},{"PrincipalSID":"NORTH.SEVENKINGDOMS.LOCAL-S-1-5-32-548","PrincipalType":"Group","RightName":"GenericAll","IsInherited":false},{"PrincipalSID":"S-1-5-21-566060928-2936574977-4293486541-512","PrincipalType":"Group","RightName":"GenericAll","IsInherited":false},{"PrincipalSID":"S-1-5-21-3262959479-855567469-2661024141-519","PrincipalType":"Base","RightName":"GenericAll","IsInherited":true},{"PrincipalSID":"NORTH.SEVENKINGDOMS.LOCAL-S-1-5-32-544","PrincipalType":"Group","RightName":"WriteDacl","IsInherited":true},{"PrincipalSID":"NORTH.SEVENKINGDOMS.LOCAL-S-1-5-32-544","PrincipalType":"Group","RightName":"WriteOwner","IsInherited":true},{"PrincipalSID":"NORTH.SEVENKINGDOMS.LOCAL-S-1-5-32-544","PrincipalType":"Group","RightName":"GenericWrite","IsInherited":true}],"ObjectIdentifier":"NORTH.SEVENKINGDOMS.LOCAL-S-1-5-32-580","IsDeleted":false,"IsACLProtected":false},{"Properties":{"domain":"NORTH.SEVENKINGDOMS.LOCAL","name":"STORAGE REPLICA ADMINISTRATORS@NORTH.SEVENKINGDOMS.LOCAL","distinguishedname":"CN=STORAGE REPLICA ADMINISTRATORS,CN=BUILTIN,DC=NORTH,DC=SEVENKINGDOMS,DC=LOCAL","domainsid":null,"highvalue":false,"samaccountname":"Storage Replica Administrators","description":"Members of this group have complete and unrestricted access to all features of Storage Replica.","whencreated":1671363351,"admincount":false},"Members":[],"Aces":[{"PrincipalSID":"NORTH.SEVENKINGDOMS.LOCAL-S-1-5-32-544","PrincipalType":"Group","RightName":"Owns","IsInherited":false},{"PrincipalSID":"NORTH.SEVENKINGDOMS.LOCAL-S-1-5-32-548","PrincipalType":"Group","RightName":"GenericAll","IsInherited":false},{"PrincipalSID":"S-1-5-21-566060928-2936574977-4293486541-512","PrincipalType":"Group","RightName":"GenericAll","IsInherited":false},{"PrincipalSID":"S-1-5-21-3262959479-855567469-2661024141-519","PrincipalType":"Base","RightName":"GenericAll","IsInherited":true},{"PrincipalSID":"NORTH.SEVENKINGDOMS.LOCAL-S-1-5-32-544","PrincipalType":"Group","RightName":"WriteDacl","IsInherited":true},{"PrincipalSID":"NORTH.SEVENKINGDOMS.LOCAL-S-1-5-32-544","PrincipalType":"Group","RightName":"WriteOwner","IsInherited":true},{"PrincipalSID":"NORTH.SEVENKINGDOMS.LOCAL-S-1-5-32-544","PrincipalType":"Group","RightName":"GenericWrite","IsInherited":true}],"ObjectIdentifier":"NORTH.SEVENKINGDOMS.LOCAL-S-1-5-32-582","IsDeleted":false,"IsACLProtected":false},{"Properties":{"domain":"NORTH.SEVENKINGDOMS.LOCAL","name":"RDS ENDPOINT SERVERS@NORTH.SEVENKINGDOMS.LOCAL","distinguishedname":"CN=RDS ENDPOINT SERVERS,CN=BUILTIN,DC=NORTH,DC=SEVENKINGDOMS,DC=LOCAL","domainsid":null,"highvalue":false,"samaccountname":"RDS Endpoint Servers","description":"Servers in this group run virtual machines and host sessions where users RemoteApp programs and personal virtual desktops run. This group needs to be populated on servers running RD Connection Broker. RD Session Host servers and RD Virtualization Host servers used in the deployment need to be in this group.","whencreated":1671363351,"admincount":false},"Members":[],"Aces":[{"PrincipalSID":"NORTH.SEVENKINGDOMS.LOCAL-S-1-5-32-544","PrincipalType":"Group","RightName":"Owns","IsInherited":false},{"PrincipalSID":"NORTH.SEVENKINGDOMS.LOCAL-S-1-5-32-548","PrincipalType":"Group","RightName":"GenericAll","IsInherited":false},{"PrincipalSID":"S-1-5-21-566060928-2936574977-4293486541-512","PrincipalType":"Group","RightName":"GenericAll","IsInherited":false},{"PrincipalSID":"S-1-5-21-3262959479-855567469-2661024141-519","PrincipalType":"Base","RightName":"GenericAll","IsInherited":true},{"PrincipalSID":"NORTH.SEVENKINGDOMS.LOCAL-S-1-5-32-544","PrincipalType":"Group","RightName":"WriteDacl","IsInherited":true},{"PrincipalSID":"NORTH.SEVENKINGDOMS.LOCAL-S-1-5-32-544","PrincipalType":"Group","RightName":"WriteOwner","IsInherited":true},{"PrincipalSID":"NORTH.SEVENKINGDOMS.LOCAL-S-1-5-32-544","PrincipalType":"Group","RightName":"GenericWrite","IsInherited":true}],"ObjectIdentifier":"NORTH.SEVENKINGDOMS.LOCAL-S-1-5-32-576","IsDeleted":false,"IsACLProtected":false},{"Properties":{"domain":"NORTH.SEVENKINGDOMS.LOCAL","name":"MORMONT@NORTH.SEVENKINGDOMS.LOCAL","distinguishedname":"CN=MORMONT,CN=USERS,DC=NORTH,DC=SEVENKINGDOMS,DC=LOCAL","domainsid":"S-1-5-21-566060928-2936574977-4293486541","highvalue":false,"samaccountname":"Mormont","description":null,"whencreated":1671364047,"admincount":false},"Members":[{"ObjectIdentifier":"S-1-5-21-566060928-2936574977-4293486541-1120","ObjectType":"User"}],"Aces":[{"PrincipalSID":"S-1-5-21-566060928-2936574977-4293486541-1000","PrincipalType":"User","RightName":"Owns","IsInherited":false},{"PrincipalSID":"NORTH.SEVENKINGDOMS.LOCAL-S-1-5-32-548","PrincipalType":"Group","RightName":"GenericAll","IsInherited":false},{"PrincipalSID":"S-1-5-21-566060928-2936574977-4293486541-512","PrincipalType":"Group","RightName":"GenericAll","IsInherited":false},{"PrincipalSID":"S-1-5-21-3262959479-855567469-2661024141-519","PrincipalType":"Base","RightName":"GenericAll","IsInherited":true},{"PrincipalSID":"NORTH.SEVENKINGDOMS.LOCAL-S-1-5-32-544","PrincipalType":"Group","RightName":"WriteDacl","IsInherited":true},{"PrincipalSID":"NORTH.SEVENKINGDOMS.LOCAL-S-1-5-32-544","PrincipalType":"Group","RightName":"WriteOwner","IsInherited":true},{"PrincipalSID":"NORTH.SEVENKINGDOMS.LOCAL-S-1-5-32-544","PrincipalType":"Group","RightName":"GenericWrite","IsInherited":true}],"ObjectIdentifier":"S-1-5-21-566060928-2936574977-4293486541-1108","IsDeleted":false,"IsACLProtected":false},{"Properties":{"domain":"NORTH.SEVENKINGDOMS.LOCAL","name":"TERMINAL SERVER LICENSE SERVERS@NORTH.SEVENKINGDOMS.LOCAL","distinguishedname":"CN=TERMINAL SERVER LICENSE SERVERS,CN=BUILTIN,DC=NORTH,DC=SEVENKINGDOMS,DC=LOCAL","domainsid":null,"highvalue":false,"samaccountname":"Terminal Server License Servers","description":"Members of this group can update user accounts in Active Directory with information about license issuance, for the purpose of tracking and reporting TS Per User CAL usage","whencreated":1671363376,"admincount":false},"Members":[],"Aces":[{"PrincipalSID":"S-1-5-21-566060928-2936574977-4293486541-512","PrincipalType":"Group","RightName":"Owns","IsInherited":false},{"PrincipalSID":"NORTH.SEVENKINGDOMS.LOCAL-S-1-5-32-548","PrincipalType":"Group","RightName":"GenericAll","IsInherited":false},{"PrincipalSID":"S-1-5-21-566060928-2936574977-4293486541-512","PrincipalType":"Group","RightName":"GenericAll","IsInherited":false},{"PrincipalSID":"S-1-5-21-3262959479-855567469-2661024141-519","PrincipalType":"Base","RightName":"GenericAll","IsInherited":true},{"PrincipalSID":"NORTH.SEVENKINGDOMS.LOCAL-S-1-5-32-544","PrincipalType":"Group","RightName":"WriteDacl","IsInherited":true},{"PrincipalSID":"NORTH.SEVENKINGDOMS.LOCAL-S-1-5-32-544","PrincipalType":"Group","RightName":"WriteOwner","IsInherited":true},{"PrincipalSID":"NORTH.SEVENKINGDOMS.LOCAL-S-1-5-32-544","PrincipalType":"Group","RightName":"GenericWrite","IsInherited":true}],"ObjectIdentifier":"NORTH.SEVENKINGDOMS.LOCAL-S-1-5-32-561","IsDeleted":false,"IsACLProtected":false},{"Properties":{"domain":"NORTH.SEVENKINGDOMS.LOCAL","name":"REMOTE DESKTOP USERS@NORTH.SEVENKINGDOMS.LOCAL","distinguishedname":"CN=REMOTE DESKTOP USERS,CN=BUILTIN,DC=NORTH,DC=SEVENKINGDOMS,DC=LOCAL","domainsid":null,"highvalue":false,"samaccountname":"Remote Desktop Users","description":"Members in this group are granted the right to logon remotely","whencreated":1671363351,"admincount":false},"Members":[{"ObjectIdentifier":"S-1-5-21-566060928-2936574977-4293486541-1106","ObjectType":"Group"}],"Aces":[{"PrincipalSID":"NORTH.SEVENKINGDOMS.LOCAL-S-1-5-32-544","PrincipalType":"Group","RightName":"Owns","IsInherited":false},{"PrincipalSID":"NORTH.SEVENKINGDOMS.LOCAL-S-1-5-32-548","PrincipalType":"Group","RightName":"GenericAll","IsInherited":false},{"PrincipalSID":"S-1-5-21-566060928-2936574977-4293486541-512","PrincipalType":"Group","RightName":"GenericAll","IsInherited":false},{"PrincipalSID":"S-1-5-21-3262959479-855567469-2661024141-519","PrincipalType":"Base","RightName":"GenericAll","IsInherited":true},{"PrincipalSID":"NORTH.SEVENKINGDOMS.LOCAL-S-1-5-32-544","PrincipalType":"Group","RightName":"WriteDacl","IsInherited":true},{"PrincipalSID":"NORTH.SEVENKINGDOMS.LOCAL-S-1-5-32-544","PrincipalType":"Group","RightName":"WriteOwner","IsInherited":true},{"PrincipalSID":"NORTH.SEVENKINGDOMS.LOCAL-S-1-5-32-544","PrincipalType":"Group","RightName":"GenericWrite","IsInherited":true}],"ObjectIdentifier":"NORTH.SEVENKINGDOMS.LOCAL-S-1-5-32-555","IsDeleted":false,"IsACLProtected":false},{"Properties":{"domain":"NORTH.SEVENKINGDOMS.LOCAL","name":"ACROSSTHESEA@NORTH.SEVENKINGDOMS.LOCAL","distinguishedname":"CN=ACROSSTHESEA,CN=USERS,DC=NORTH,DC=SEVENKINGDOMS,DC=LOCAL","domainsid":"S-1-5-21-566060928-2936574977-4293486541","highvalue":false,"samaccountname":"AcrossTheSea","description":null,"whencreated":1671364052,"admincount":false},"Members":[{"ObjectIdentifier":"S-1-5-21-2589007862-2949513013-4101186000-1110","ObjectType":"Base"}],"Aces":[{"PrincipalSID":"S-1-5-21-566060928-2936574977-4293486541-1000","PrincipalType":"User","RightName":"Owns","IsInherited":false},{"PrincipalSID":"NORTH.SEVENKINGDOMS.LOCAL-S-1-5-32-548","PrincipalType":"Group","RightName":"GenericAll","IsInherited":false},{"PrincipalSID":"S-1-5-21-566060928-2936574977-4293486541-512","PrincipalType":"Group","RightName":"GenericAll","IsInherited":false},{"PrincipalSID":"S-1-5-21-3262959479-855567469-2661024141-519","PrincipalType":"Base","RightName":"GenericAll","IsInherited":true},{"PrincipalSID":"NORTH.SEVENKINGDOMS.LOCAL-S-1-5-32-544","PrincipalType":"Group","RightName":"WriteDacl","IsInherited":true},{"PrincipalSID":"NORTH.SEVENKINGDOMS.LOCAL-S-1-5-32-544","PrincipalType":"Group","RightName":"WriteOwner","IsInherited":true},{"PrincipalSID":"NORTH.SEVENKINGDOMS.LOCAL-S-1-5-32-544","PrincipalType":"Group","RightName":"GenericWrite","IsInherited":true}],"ObjectIdentifier":"S-1-5-21-566060928-2936574977-4293486541-1109","IsDeleted":false,"IsACLProtected":false},{"Properties":{"domain":"NORTH.SEVENKINGDOMS.LOCAL","name":"KEY ADMINS@NORTH.SEVENKINGDOMS.LOCAL","distinguishedname":"CN=KEY ADMINS,CN=USERS,DC=NORTH,DC=SEVENKINGDOMS,DC=LOCAL","domainsid":"S-1-5-21-566060928-2936574977-4293486541","highvalue":false,"samaccountname":"Key Admins","description":"Members of this group can perform administrative actions on key objects within the domain.","whencreated":1671363376,"admincount":false},"Members":[],"Aces":[{"PrincipalSID":"S-1-5-21-566060928-2936574977-4293486541-512","PrincipalType":"Group","RightName":"Owns","IsInherited":false},{"PrincipalSID":"NORTH.SEVENKINGDOMS.LOCAL-S-1-5-32-548","PrincipalType":"Group","RightName":"GenericAll","IsInherited":false},{"PrincipalSID":"S-1-5-21-566060928-2936574977-4293486541-512","PrincipalType":"Group","RightName":"GenericAll","IsInherited":false},{"PrincipalSID":"S-1-5-21-3262959479-855567469-2661024141-519","PrincipalType":"Base","RightName":"GenericAll","IsInherited":true},{"PrincipalSID":"NORTH.SEVENKINGDOMS.LOCAL-S-1-5-32-544","PrincipalType":"Group","RightName":"WriteDacl","IsInherited":true},{"PrincipalSID":"NORTH.SEVENKINGDOMS.LOCAL-S-1-5-32-544","PrincipalType":"Group","RightName":"WriteOwner","IsInherited":true},{"PrincipalSID":"NORTH.SEVENKINGDOMS.LOCAL-S-1-5-32-544","PrincipalType":"Group","RightName":"GenericWrite","IsInherited":true}],"ObjectIdentifier":"S-1-5-21-566060928-2936574977-4293486541-526","IsDeleted":false,"IsACLProtected":false},{"Properties":{"domain":"NORTH.SEVENKINGDOMS.LOCAL","name":"EVENT LOG READERS@NORTH.SEVENKINGDOMS.LOCAL","distinguishedname":"CN=EVENT LOG READERS,CN=BUILTIN,DC=NORTH,DC=SEVENKINGDOMS,DC=LOCAL","domainsid":null,"highvalue":false,"samaccountname":"Event Log Readers","description":"Members of this group can read event logs from local machine","whencreated":1671363351,"admincount":false},"Members":[],"Aces":[{"PrincipalSID":"NORTH.SEVENKINGDOMS.LOCAL-S-1-5-32-544","PrincipalType":"Group","RightName":"Owns","IsInherited":false},{"PrincipalSID":"NORTH.SEVENKINGDOMS.LOCAL-S-1-5-32-548","PrincipalType":"Group","RightName":"GenericAll","IsInherited":false},{"PrincipalSID":"S-1-5-21-566060928-2936574977-4293486541-512","PrincipalType":"Group","RightName":"GenericAll","IsInherited":false},{"PrincipalSID":"S-1-5-21-3262959479-855567469-2661024141-519","PrincipalType":"Base","RightName":"GenericAll","IsInherited":true},{"PrincipalSID":"NORTH.SEVENKINGDOMS.LOCAL-S-1-5-32-544","PrincipalType":"Group","RightName":"WriteDacl","IsInherited":true},{"PrincipalSID":"NORTH.SEVENKINGDOMS.LOCAL-S-1-5-32-544","PrincipalType":"Group","RightName":"WriteOwner","IsInherited":true},{"PrincipalSID":"NORTH.SEVENKINGDOMS.LOCAL-S-1-5-32-544","PrincipalType":"Group","RightName":"GenericWrite","IsInherited":true}],"ObjectIdentifier":"NORTH.SEVENKINGDOMS.LOCAL-S-1-5-32-573","IsDeleted":false,"IsACLProtected":false},{"Properties":{"domain":"NORTH.SEVENKINGDOMS.LOCAL","name":"NETWORK CONFIGURATION OPERATORS@NORTH.SEVENKINGDOMS.LOCAL","distinguishedname":"CN=NETWORK CONFIGURATION OPERATORS,CN=BUILTIN,DC=NORTH,DC=SEVENKINGDOMS,DC=LOCAL","domainsid":null,"highvalue":false,"samaccountname":"Network Configuration Operators","description":"Members in this group can have some administrative privileges to manage configuration of networking features","whencreated":1671363351,"admincount":false},"Members":[],"Aces":[{"PrincipalSID":"NORTH.SEVENKINGDOMS.LOCAL-S-1-5-32-544","PrincipalType":"Group","RightName":"Owns","IsInherited":false},{"PrincipalSID":"NORTH.SEVENKINGDOMS.LOCAL-S-1-5-32-548","PrincipalType":"Group","RightName":"GenericAll","IsInherited":false},{"PrincipalSID":"S-1-5-21-566060928-2936574977-4293486541-512","PrincipalType":"Group","RightName":"GenericAll","IsInherited":false},{"PrincipalSID":"S-1-5-21-3262959479-855567469-2661024141-519","PrincipalType":"Base","RightName":"GenericAll","IsInherited":true},{"PrincipalSID":"NORTH.SEVENKINGDOMS.LOCAL-S-1-5-32-544","PrincipalType":"Group","RightName":"WriteDacl","IsInherited":true},{"PrincipalSID":"NORTH.SEVENKINGDOMS.LOCAL-S-1-5-32-544","PrincipalType":"Group","RightName":"WriteOwner","IsInherited":true},{"PrincipalSID":"NORTH.SEVENKINGDOMS.LOCAL-S-1-5-32-544","PrincipalType":"Group","RightName":"GenericWrite","IsInherited":true}],"ObjectIdentifier":"NORTH.SEVENKINGDOMS.LOCAL-S-1-5-32-556","IsDeleted":false,"IsACLProtected":false},{"Properties":{"domain":"NORTH.SEVENKINGDOMS.LOCAL","name":"DOMAIN GUESTS@NORTH.SEVENKINGDOMS.LOCAL","distinguishedname":"CN=DOMAIN GUESTS,CN=USERS,DC=NORTH,DC=SEVENKINGDOMS,DC=LOCAL","domainsid":"S-1-5-21-566060928-2936574977-4293486541","highvalue":false,"samaccountname":"Domain Guests","description":"All domain guests","whencreated":1671363376,"admincount":false},"Members":[],"Aces":[{"PrincipalSID":"S-1-5-21-566060928-2936574977-4293486541-512","PrincipalType":"Group","RightName":"Owns","IsInherited":false},{"PrincipalSID":"NORTH.SEVENKINGDOMS.LOCAL-S-1-5-32-548","PrincipalType":"Group","RightName":"GenericAll","IsInherited":false},{"PrincipalSID":"S-1-5-21-566060928-2936574977-4293486541-512","PrincipalType":"Group","RightName":"GenericAll","IsInherited":false},{"PrincipalSID":"S-1-5-21-3262959479-855567469-2661024141-519","PrincipalType":"Base","RightName":"GenericAll","IsInherited":true},{"PrincipalSID":"NORTH.SEVENKINGDOMS.LOCAL-S-1-5-32-544","PrincipalType":"Group","RightName":"WriteDacl","IsInherited":true},{"PrincipalSID":"NORTH.SEVENKINGDOMS.LOCAL-S-1-5-32-544","PrincipalType":"Group","RightName":"WriteOwner","IsInherited":true},{"PrincipalSID":"NORTH.SEVENKINGDOMS.LOCAL-S-1-5-32-544","PrincipalType":"Group","RightName":"GenericWrite","IsInherited":true}],"ObjectIdentifier":"S-1-5-21-566060928-2936574977-4293486541-514","IsDeleted":false,"IsACLProtected":false},{"Properties":{"domain":"NORTH.SEVENKINGDOMS.LOCAL","name":"CERTIFICATE SERVICE DCOM ACCESS@NORTH.SEVENKINGDOMS.LOCAL","distinguishedname":"CN=CERTIFICATE SERVICE DCOM ACCESS,CN=BUILTIN,DC=NORTH,DC=SEVENKINGDOMS,DC=LOCAL","domainsid":null,"highvalue":false,"samaccountname":"Certificate Service DCOM Access","description":"Members of this group are allowed to connect to Certification Authorities in the enterprise","whencreated":1671363351,"admincount":false},"Members":[],"Aces":[{"PrincipalSID":"NORTH.SEVENKINGDOMS.LOCAL-S-1-5-32-544","PrincipalType":"Group","RightName":"Owns","IsInherited":false},{"PrincipalSID":"NORTH.SEVENKINGDOMS.LOCAL-S-1-5-32-548","PrincipalType":"Group","RightName":"GenericAll","IsInherited":false},{"PrincipalSID":"S-1-5-21-566060928-2936574977-4293486541-512","PrincipalType":"Group","RightName":"GenericAll","IsInherited":false},{"PrincipalSID":"S-1-5-21-3262959479-855567469-2661024141-519","PrincipalType":"Base","RightName":"GenericAll","IsInherited":true},{"PrincipalSID":"NORTH.SEVENKINGDOMS.LOCAL-S-1-5-32-544","PrincipalType":"Group","RightName":"WriteDacl","IsInherited":true},{"PrincipalSID":"NORTH.SEVENKINGDOMS.LOCAL-S-1-5-32-544","PrincipalType":"Group","RightName":"WriteOwner","IsInherited":true},{"PrincipalSID":"NORTH.SEVENKINGDOMS.LOCAL-S-1-5-32-544","PrincipalType":"Group","RightName":"GenericWrite","IsInherited":true}],"ObjectIdentifier":"NORTH.SEVENKINGDOMS.LOCAL-S-1-5-32-574","IsDeleted":false,"IsACLProtected":false},{"Properties":{"domain":"NORTH.SEVENKINGDOMS.LOCAL","name":"DOMAIN USERS@NORTH.SEVENKINGDOMS.LOCAL","distinguishedname":"CN=DOMAIN USERS,CN=USERS,DC=NORTH,DC=SEVENKINGDOMS,DC=LOCAL","domainsid":"S-1-5-21-566060928-2936574977-4293486541","highvalue":false,"samaccountname":"Domain Users","description":"All domain users","whencreated":1671363376,"admincount":false},"Members":[],"Aces":[{"PrincipalSID":"S-1-5-21-566060928-2936574977-4293486541-512","PrincipalType":"Group","RightName":"Owns","IsInherited":false},{"PrincipalSID":"NORTH.SEVENKINGDOMS.LOCAL-S-1-5-32-548","PrincipalType":"Group","RightName":"GenericAll","IsInherited":false},{"PrincipalSID":"S-1-5-21-566060928-2936574977-4293486541-512","PrincipalType":"Group","RightName":"GenericAll","IsInherited":false},{"PrincipalSID":"S-1-5-21-3262959479-855567469-2661024141-519","PrincipalType":"Base","RightName":"GenericAll","IsInherited":true},{"PrincipalSID":"NORTH.SEVENKINGDOMS.LOCAL-S-1-5-32-544","PrincipalType":"Group","RightName":"WriteDacl","IsInherited":true},{"PrincipalSID":"NORTH.SEVENKINGDOMS.LOCAL-S-1-5-32-544","PrincipalType":"Group","RightName":"WriteOwner","IsInherited":true},{"PrincipalSID":"NORTH.SEVENKINGDOMS.LOCAL-S-1-5-32-544","PrincipalType":"Group","RightName":"GenericWrite","IsInherited":true}],"ObjectIdentifier":"S-1-5-21-566060928-2936574977-4293486541-513","IsDeleted":false,"IsACLProtected":false},{"Properties":{"domain":"NORTH.SEVENKINGDOMS.LOCAL","name":"IIS_IUSRS@NORTH.SEVENKINGDOMS.LOCAL","distinguishedname":"CN=IIS_IUSRS,CN=BUILTIN,DC=NORTH,DC=SEVENKINGDOMS,DC=LOCAL","domainsid":null,"highvalue":false,"samaccountname":"IIS_IUSRS","description":"Built-in group used by Internet Information Services.","whencreated":1671363351,"admincount":false},"Members":[{"ObjectIdentifier":"NORTH.SEVENKINGDOMS.LOCAL-S-1-5-17","ObjectType":"Group"}],"Aces":[{"PrincipalSID":"NORTH.SEVENKINGDOMS.LOCAL-S-1-5-32-544","PrincipalType":"Group","RightName":"Owns","IsInherited":false},{"PrincipalSID":"NORTH.SEVENKINGDOMS.LOCAL-S-1-5-32-548","PrincipalType":"Group","RightName":"GenericAll","IsInherited":false},{"PrincipalSID":"S-1-5-21-566060928-2936574977-4293486541-512","PrincipalType":"Group","RightName":"GenericAll","IsInherited":false},{"PrincipalSID":"S-1-5-21-3262959479-855567469-2661024141-519","PrincipalType":"Base","RightName":"GenericAll","IsInherited":true},{"PrincipalSID":"NORTH.SEVENKINGDOMS.LOCAL-S-1-5-32-544","PrincipalType":"Group","RightName":"WriteDacl","IsInherited":true},{"PrincipalSID":"NORTH.SEVENKINGDOMS.LOCAL-S-1-5-32-544","PrincipalType":"Group","RightName":"WriteOwner","IsInherited":true},{"PrincipalSID":"NORTH.SEVENKINGDOMS.LOCAL-S-1-5-32-544","PrincipalType":"Group","RightName":"GenericWrite","IsInherited":true}],"ObjectIdentifier":"NORTH.SEVENKINGDOMS.LOCAL-S-1-5-32-568","IsDeleted":false,"IsACLProtected":false},{"Properties":{"domain":"NORTH.SEVENKINGDOMS.LOCAL","name":"CRYPTOGRAPHIC OPERATORS@NORTH.SEVENKINGDOMS.LOCAL","distinguishedname":"CN=CRYPTOGRAPHIC OPERATORS,CN=BUILTIN,DC=NORTH,DC=SEVENKINGDOMS,DC=LOCAL","domainsid":null,"highvalue":false,"samaccountname":"Cryptographic Operators","description":"Members are authorized to perform cryptographic operations.","whencreated":1671363351,"admincount":false},"Members":[],"Aces":[{"PrincipalSID":"NORTH.SEVENKINGDOMS.LOCAL-S-1-5-32-544","PrincipalType":"Group","RightName":"Owns","IsInherited":false},{"PrincipalSID":"NORTH.SEVENKINGDOMS.LOCAL-S-1-5-32-548","PrincipalType":"Group","RightName":"GenericAll","IsInherited":false},{"PrincipalSID":"S-1-5-21-566060928-2936574977-4293486541-512","PrincipalType":"Group","RightName":"GenericAll","IsInherited":false},{"PrincipalSID":"S-1-5-21-3262959479-855567469-2661024141-519","PrincipalType":"Base","RightName":"GenericAll","IsInherited":true},{"PrincipalSID":"NORTH.SEVENKINGDOMS.LOCAL-S-1-5-32-544","PrincipalType":"Group","RightName":"WriteDacl","IsInherited":true},{"PrincipalSID":"NORTH.SEVENKINGDOMS.LOCAL-S-1-5-32-544","PrincipalType":"Group","RightName":"WriteOwner","IsInherited":true},{"PrincipalSID":"NORTH.SEVENKINGDOMS.LOCAL-S-1-5-32-544","PrincipalType":"Group","RightName":"GenericWrite","IsInherited":true}],"ObjectIdentifier":"NORTH.SEVENKINGDOMS.LOCAL-S-1-5-32-569","IsDeleted":false,"IsACLProtected":false},{"Properties":{"domain":"NORTH.SEVENKINGDOMS.LOCAL","name":"PROTECTED USERS@NORTH.SEVENKINGDOMS.LOCAL","distinguishedname":"CN=PROTECTED USERS,CN=USERS,DC=NORTH,DC=SEVENKINGDOMS,DC=LOCAL","domainsid":"S-1-5-21-566060928-2936574977-4293486541","highvalue":false,"samaccountname":"Protected Users","description":"Members of this group are afforded additional protections against authentication security threats. See http://go.microsoft.com/fwlink/?LinkId=298939 for more information.","whencreated":1671363376,"admincount":false},"Members":[],"Aces":[{"PrincipalSID":"S-1-5-21-566060928-2936574977-4293486541-512","PrincipalType":"Group","RightName":"Owns","IsInherited":false},{"PrincipalSID":"NORTH.SEVENKINGDOMS.LOCAL-S-1-5-32-548","PrincipalType":"Group","RightName":"GenericAll","IsInherited":false},{"PrincipalSID":"S-1-5-21-566060928-2936574977-4293486541-512","PrincipalType":"Group","RightName":"GenericAll","IsInherited":false},{"PrincipalSID":"S-1-5-21-3262959479-855567469-2661024141-519","PrincipalType":"Base","RightName":"GenericAll","IsInherited":true},{"PrincipalSID":"NORTH.SEVENKINGDOMS.LOCAL-S-1-5-32-544","PrincipalType":"Group","RightName":"WriteDacl","IsInherited":true},{"PrincipalSID":"NORTH.SEVENKINGDOMS.LOCAL-S-1-5-32-544","PrincipalType":"Group","RightName":"WriteOwner","IsInherited":true},{"PrincipalSID":"NORTH.SEVENKINGDOMS.LOCAL-S-1-5-32-544","PrincipalType":"Group","RightName":"GenericWrite","IsInherited":true}],"ObjectIdentifier":"S-1-5-21-566060928-2936574977-4293486541-525","IsDeleted":false,"IsACLProtected":false},{"Properties":{"domain":"NORTH.SEVENKINGDOMS.LOCAL","name":"PERFORMANCE LOG USERS@NORTH.SEVENKINGDOMS.LOCAL","distinguishedname":"CN=PERFORMANCE LOG USERS,CN=BUILTIN,DC=NORTH,DC=SEVENKINGDOMS,DC=LOCAL","domainsid":null,"highvalue":false,"samaccountname":"Performance Log Users","description":"Members of this group may schedule logging of performance counters, enable trace providers, and collect event traces both locally and via remote access to this computer","whencreated":1671363351,"admincount":false},"Members":[],"Aces":[{"PrincipalSID":"NORTH.SEVENKINGDOMS.LOCAL-S-1-5-32-544","PrincipalType":"Group","RightName":"Owns","IsInherited":false},{"PrincipalSID":"NORTH.SEVENKINGDOMS.LOCAL-S-1-5-32-548","PrincipalType":"Group","RightName":"GenericAll","IsInherited":false},{"PrincipalSID":"S-1-5-21-566060928-2936574977-4293486541-512","PrincipalType":"Group","RightName":"GenericAll","IsInherited":false},{"PrincipalSID":"S-1-5-21-3262959479-855567469-2661024141-519","PrincipalType":"Base","RightName":"GenericAll","IsInherited":true},{"PrincipalSID":"NORTH.SEVENKINGDOMS.LOCAL-S-1-5-32-544","PrincipalType":"Group","RightName":"WriteDacl","IsInherited":true},{"PrincipalSID":"NORTH.SEVENKINGDOMS.LOCAL-S-1-5-32-544","PrincipalType":"Group","RightName":"WriteOwner","IsInherited":true},{"PrincipalSID":"NORTH.SEVENKINGDOMS.LOCAL-S-1-5-32-544","PrincipalType":"Group","RightName":"GenericWrite","IsInherited":true}],"ObjectIdentifier":"NORTH.SEVENKINGDOMS.LOCAL-S-1-5-32-559","IsDeleted":false,"IsACLProtected":false},{"Properties":{"domain":"NORTH.SEVENKINGDOMS.LOCAL","name":"GUESTS@NORTH.SEVENKINGDOMS.LOCAL","distinguishedname":"CN=GUESTS,CN=BUILTIN,DC=NORTH,DC=SEVENKINGDOMS,DC=LOCAL","domainsid":null,"highvalue":false,"samaccountname":"Guests","description":"Guests have the same access as members of the Users group by default, except for the Guest account which is further restricted","whencreated":1671363351,"admincount":false},"Members":[{"ObjectIdentifier":"S-1-5-21-566060928-2936574977-4293486541-514","ObjectType":"Group"},{"ObjectIdentifier":"S-1-5-21-566060928-2936574977-4293486541-501","ObjectType":"User"}],"Aces":[{"PrincipalSID":"NORTH.SEVENKINGDOMS.LOCAL-S-1-5-32-544","PrincipalType":"Group","RightName":"Owns","IsInherited":false},{"PrincipalSID":"NORTH.SEVENKINGDOMS.LOCAL-S-1-5-32-548","PrincipalType":"Group","RightName":"GenericAll","IsInherited":false},{"PrincipalSID":"S-1-5-21-566060928-2936574977-4293486541-512","PrincipalType":"Group","RightName":"GenericAll","IsInherited":false},{"PrincipalSID":"S-1-5-21-3262959479-855567469-2661024141-519","PrincipalType":"Base","RightName":"GenericAll","IsInherited":true},{"PrincipalSID":"NORTH.SEVENKINGDOMS.LOCAL-S-1-5-32-544","PrincipalType":"Group","RightName":"WriteDacl","IsInherited":true},{"PrincipalSID":"NORTH.SEVENKINGDOMS.LOCAL-S-1-5-32-544","PrincipalType":"Group","RightName":"WriteOwner","IsInherited":true},{"PrincipalSID":"NORTH.SEVENKINGDOMS.LOCAL-S-1-5-32-544","PrincipalType":"Group","RightName":"GenericWrite","IsInherited":true}],"ObjectIdentifier":"NORTH.SEVENKINGDOMS.LOCAL-S-1-5-32-546","IsDeleted":false,"IsACLProtected":false},{"Properties":{"domain":"NORTH.SEVENKINGDOMS.LOCAL","name":"DISTRIBUTED COM USERS@NORTH.SEVENKINGDOMS.LOCAL","distinguishedname":"CN=DISTRIBUTED COM USERS,CN=BUILTIN,DC=NORTH,DC=SEVENKINGDOMS,DC=LOCAL","domainsid":null,"highvalue":false,"samaccountname":"Distributed COM Users","description":"Members are allowed to launch, activate and use Distributed COM objects on this machine.","whencreated":1671363351,"admincount":false},"Members":[],"Aces":[{"PrincipalSID":"NORTH.SEVENKINGDOMS.LOCAL-S-1-5-32-544","PrincipalType":"Group","RightName":"Owns","IsInherited":false},{"PrincipalSID":"NORTH.SEVENKINGDOMS.LOCAL-S-1-5-32-548","PrincipalType":"Group","RightName":"GenericAll","IsInherited":false},{"PrincipalSID":"S-1-5-21-566060928-2936574977-4293486541-512","PrincipalType":"Group","RightName":"GenericAll","IsInherited":false},{"PrincipalSID":"S-1-5-21-3262959479-855567469-2661024141-519","PrincipalType":"Base","RightName":"GenericAll","IsInherited":true},{"PrincipalSID":"NORTH.SEVENKINGDOMS.LOCAL-S-1-5-32-544","PrincipalType":"Group","RightName":"WriteDacl","IsInherited":true},{"PrincipalSID":"NORTH.SEVENKINGDOMS.LOCAL-S-1-5-32-544","PrincipalType":"Group","RightName":"WriteOwner","IsInherited":true},{"PrincipalSID":"NORTH.SEVENKINGDOMS.LOCAL-S-1-5-32-544","PrincipalType":"Group","RightName":"GenericWrite","IsInherited":true}],"ObjectIdentifier":"NORTH.SEVENKINGDOMS.LOCAL-S-1-5-32-562","IsDeleted":false,"IsACLProtected":false},{"Properties":{"domain":"NORTH.SEVENKINGDOMS.LOCAL","name":"PERFORMANCE MONITOR USERS@NORTH.SEVENKINGDOMS.LOCAL","distinguishedname":"CN=PERFORMANCE MONITOR USERS,CN=BUILTIN,DC=NORTH,DC=SEVENKINGDOMS,DC=LOCAL","domainsid":null,"highvalue":false,"samaccountname":"Performance Monitor Users","description":"Members of this group can access performance counter data locally and remotely","whencreated":1671363351,"admincount":false},"Members":[],"Aces":[{"PrincipalSID":"NORTH.SEVENKINGDOMS.LOCAL-S-1-5-32-544","PrincipalType":"Group","RightName":"Owns","IsInherited":false},{"PrincipalSID":"NORTH.SEVENKINGDOMS.LOCAL-S-1-5-32-548","PrincipalType":"Group","RightName":"GenericAll","IsInherited":false},{"PrincipalSID":"S-1-5-21-566060928-2936574977-4293486541-512","PrincipalType":"Group","RightName":"GenericAll","IsInherited":false},{"PrincipalSID":"S-1-5-21-3262959479-855567469-2661024141-519","PrincipalType":"Base","RightName":"GenericAll","IsInherited":true},{"PrincipalSID":"NORTH.SEVENKINGDOMS.LOCAL-S-1-5-32-544","PrincipalType":"Group","RightName":"WriteDacl","IsInherited":true},{"PrincipalSID":"NORTH.SEVENKINGDOMS.LOCAL-S-1-5-32-544","PrincipalType":"Group","RightName":"WriteOwner","IsInherited":true},{"PrincipalSID":"NORTH.SEVENKINGDOMS.LOCAL-S-1-5-32-544","PrincipalType":"Group","RightName":"GenericWrite","IsInherited":true}],"ObjectIdentifier":"NORTH.SEVENKINGDOMS.LOCAL-S-1-5-32-558","IsDeleted":false,"IsACLProtected":false},{"Properties":{"domain":"NORTH.SEVENKINGDOMS.LOCAL","name":"RAS AND IAS SERVERS@NORTH.SEVENKINGDOMS.LOCAL","distinguishedname":"CN=RAS AND IAS SERVERS,CN=USERS,DC=NORTH,DC=SEVENKINGDOMS,DC=LOCAL","domainsid":"S-1-5-21-566060928-2936574977-4293486541","highvalue":false,"samaccountname":"RAS and IAS Servers","description":"Servers in this group can access remote access properties of users","whencreated":1671363376,"admincount":false},"Members":[],"Aces":[{"PrincipalSID":"S-1-5-21-566060928-2936574977-4293486541-512","PrincipalType":"Group","RightName":"Owns","IsInherited":false},{"PrincipalSID":"NORTH.SEVENKINGDOMS.LOCAL-S-1-5-32-548","PrincipalType":"Group","RightName":"GenericAll","IsInherited":false},{"PrincipalSID":"S-1-5-21-566060928-2936574977-4293486541-512","PrincipalType":"Group","RightName":"GenericAll","IsInherited":false},{"PrincipalSID":"S-1-5-21-3262959479-855567469-2661024141-519","PrincipalType":"Base","RightName":"GenericAll","IsInherited":true},{"PrincipalSID":"NORTH.SEVENKINGDOMS.LOCAL-S-1-5-32-544","PrincipalType":"Group","RightName":"WriteDacl","IsInherited":true},{"PrincipalSID":"NORTH.SEVENKINGDOMS.LOCAL-S-1-5-32-544","PrincipalType":"Group","RightName":"WriteOwner","IsInherited":true},{"PrincipalSID":"NORTH.SEVENKINGDOMS.LOCAL-S-1-5-32-544","PrincipalType":"Group","RightName":"GenericWrite","IsInherited":true}],"ObjectIdentifier":"S-1-5-21-566060928-2936574977-4293486541-553","IsDeleted":false,"IsACLProtected":false},{"Properties":{"domain":"NORTH.SEVENKINGDOMS.LOCAL","name":"NIGHT WATCH@NORTH.SEVENKINGDOMS.LOCAL","distinguishedname":"CN=NIGHT WATCH,CN=USERS,DC=NORTH,DC=SEVENKINGDOMS,DC=LOCAL","domainsid":"S-1-5-21-566060928-2936574977-4293486541","highvalue":false,"samaccountname":"Night Watch","description":null,"whencreated":1671364045,"admincount":false},"Members":[{"ObjectIdentifier":"S-1-5-21-566060928-2936574977-4293486541-1120","ObjectType":"User"},{"ObjectIdentifier":"S-1-5-21-566060928-2936574977-4293486541-1119","ObjectType":"User"},{"ObjectIdentifier":"S-1-5-21-566060928-2936574977-4293486541-1118","ObjectType":"User"}],"Aces":[{"PrincipalSID":"S-1-5-21-566060928-2936574977-4293486541-1000","PrincipalType":"User","RightName":"Owns","IsInherited":false},{"PrincipalSID":"NORTH.SEVENKINGDOMS.LOCAL-S-1-5-32-548","PrincipalType":"Group","RightName":"GenericAll","IsInherited":false},{"PrincipalSID":"S-1-5-21-566060928-2936574977-4293486541-512","PrincipalType":"Group","RightName":"GenericAll","IsInherited":false},{"PrincipalSID":"S-1-5-21-3262959479-855567469-2661024141-519","PrincipalType":"Base","RightName":"GenericAll","IsInherited":true},{"PrincipalSID":"NORTH.SEVENKINGDOMS.LOCAL-S-1-5-32-544","PrincipalType":"Group","RightName":"WriteDacl","IsInherited":true},{"PrincipalSID":"NORTH.SEVENKINGDOMS.LOCAL-S-1-5-32-544","PrincipalType":"Group","RightName":"WriteOwner","IsInherited":true},{"PrincipalSID":"NORTH.SEVENKINGDOMS.LOCAL-S-1-5-32-544","PrincipalType":"Group","RightName":"GenericWrite","IsInherited":true}],"ObjectIdentifier":"S-1-5-21-566060928-2936574977-4293486541-1107","IsDeleted":false,"IsACLProtected":false},{"Properties":{"domain":"NORTH.SEVENKINGDOMS.LOCAL","name":"ALLOWED RODC PASSWORD REPLICATION GROUP@NORTH.SEVENKINGDOMS.LOCAL","distinguishedname":"CN=ALLOWED RODC PASSWORD REPLICATION GROUP,CN=USERS,DC=NORTH,DC=SEVENKINGDOMS,DC=LOCAL","domainsid":"S-1-5-21-566060928-2936574977-4293486541","highvalue":false,"samaccountname":"Allowed RODC Password Replication Group","description":"Members in this group can have their passwords replicated to all read-only domain controllers in the domain","whencreated":1671363376,"admincount":false},"Members":[],"Aces":[{"PrincipalSID":"S-1-5-21-566060928-2936574977-4293486541-512","PrincipalType":"Group","RightName":"Owns","IsInherited":false},{"PrincipalSID":"NORTH.SEVENKINGDOMS.LOCAL-S-1-5-32-548","PrincipalType":"Group","RightName":"GenericAll","IsInherited":false},{"PrincipalSID":"S-1-5-21-566060928-2936574977-4293486541-512","PrincipalType":"Group","RightName":"GenericAll","IsInherited":false},{"PrincipalSID":"S-1-5-21-3262959479-855567469-2661024141-519","PrincipalType":"Base","RightName":"GenericAll","IsInherited":true},{"PrincipalSID":"NORTH.SEVENKINGDOMS.LOCAL-S-1-5-32-544","PrincipalType":"Group","RightName":"WriteDacl","IsInherited":true},{"PrincipalSID":"NORTH.SEVENKINGDOMS.LOCAL-S-1-5-32-544","PrincipalType":"Group","RightName":"WriteOwner","IsInherited":true},{"PrincipalSID":"NORTH.SEVENKINGDOMS.LOCAL-S-1-5-32-544","PrincipalType":"Group","RightName":"GenericWrite","IsInherited":true}],"ObjectIdentifier":"S-1-5-21-566060928-2936574977-4293486541-571","IsDeleted":false,"IsACLProtected":false},{"Properties":{"domain":"NORTH.SEVENKINGDOMS.LOCAL","name":"DNSUPDATEPROXY@NORTH.SEVENKINGDOMS.LOCAL","distinguishedname":"CN=DNSUPDATEPROXY,CN=USERS,DC=NORTH,DC=SEVENKINGDOMS,DC=LOCAL","domainsid":"S-1-5-21-566060928-2936574977-4293486541","highvalue":false,"samaccountname":"DnsUpdateProxy","description":"DNS clients who are permitted to perform dynamic updates on behalf of some other clients (such as DHCP servers).","whencreated":1671363420,"admincount":false},"Members":[],"Aces":[{"PrincipalSID":"NORTH.SEVENKINGDOMS.LOCAL-S-1-5-32-548","PrincipalType":"Group","RightName":"GenericAll","IsInherited":false},{"PrincipalSID":"S-1-5-21-566060928-2936574977-4293486541-512","PrincipalType":"Group","RightName":"GenericAll","IsInherited":false},{"PrincipalSID":"S-1-5-21-3262959479-855567469-2661024141-519","PrincipalType":"Base","RightName":"GenericAll","IsInherited":true},{"PrincipalSID":"NORTH.SEVENKINGDOMS.LOCAL-S-1-5-32-544","PrincipalType":"Group","RightName":"WriteDacl","IsInherited":true},{"PrincipalSID":"NORTH.SEVENKINGDOMS.LOCAL-S-1-5-32-544","PrincipalType":"Group","RightName":"WriteOwner","IsInherited":true},{"PrincipalSID":"NORTH.SEVENKINGDOMS.LOCAL-S-1-5-32-544","PrincipalType":"Group","RightName":"GenericWrite","IsInherited":true}],"ObjectIdentifier":"S-1-5-21-566060928-2936574977-4293486541-1103","IsDeleted":false,"IsACLProtected":false},{"Properties":{"domain":"NORTH.SEVENKINGDOMS.LOCAL","name":"DNSADMINS@NORTH.SEVENKINGDOMS.LOCAL","distinguishedname":"CN=DNSADMINS,CN=USERS,DC=NORTH,DC=SEVENKINGDOMS,DC=LOCAL","domainsid":"S-1-5-21-566060928-2936574977-4293486541","highvalue":false,"samaccountname":"DnsAdmins","description":"DNS Administrators Group","whencreated":1671363418,"admincount":false},"Members":[],"Aces":[{"PrincipalSID":"NORTH.SEVENKINGDOMS.LOCAL-S-1-5-32-548","PrincipalType":"Group","RightName":"GenericAll","IsInherited":false},{"PrincipalSID":"S-1-5-21-566060928-2936574977-4293486541-512","PrincipalType":"Group","RightName":"GenericAll","IsInherited":false},{"PrincipalSID":"S-1-5-21-3262959479-855567469-2661024141-519","PrincipalType":"Base","RightName":"GenericAll","IsInherited":true},{"PrincipalSID":"NORTH.SEVENKINGDOMS.LOCAL-S-1-5-32-544","PrincipalType":"Group","RightName":"WriteDacl","IsInherited":true},{"PrincipalSID":"NORTH.SEVENKINGDOMS.LOCAL-S-1-5-32-544","PrincipalType":"Group","RightName":"WriteOwner","IsInherited":true},{"PrincipalSID":"NORTH.SEVENKINGDOMS.LOCAL-S-1-5-32-544","PrincipalType":"Group","RightName":"GenericWrite","IsInherited":true}],"ObjectIdentifier":"S-1-5-21-566060928-2936574977-4293486541-1102","IsDeleted":false,"IsACLProtected":false},{"Properties":{"domain":"NORTH.SEVENKINGDOMS.LOCAL","name":"PRE-WINDOWS 2000 COMPATIBLE ACCESS@NORTH.SEVENKINGDOMS.LOCAL","distinguishedname":"CN=PRE-WINDOWS 2000 COMPATIBLE ACCESS,CN=BUILTIN,DC=NORTH,DC=SEVENKINGDOMS,DC=LOCAL","domainsid":null,"highvalue":false,"samaccountname":"Pre-Windows 2000 Compatible Access","description":"A backward compatibility group which allows read access on all users and groups in the domain","whencreated":1671363376,"admincount":false},"Members":[{"ObjectIdentifier":"NORTH.SEVENKINGDOMS.LOCAL-S-1-5-11","ObjectType":"Group"}],"Aces":[{"PrincipalSID":"S-1-5-21-566060928-2936574977-4293486541-512","PrincipalType":"Group","RightName":"Owns","IsInherited":false},{"PrincipalSID":"NORTH.SEVENKINGDOMS.LOCAL-S-1-5-32-548","PrincipalType":"Group","RightName":"GenericAll","IsInherited":false},{"PrincipalSID":"S-1-5-21-566060928-2936574977-4293486541-512","PrincipalType":"Group","RightName":"GenericAll","IsInherited":false},{"PrincipalSID":"S-1-5-21-3262959479-855567469-2661024141-519","PrincipalType":"Base","RightName":"GenericAll","IsInherited":true},{"PrincipalSID":"NORTH.SEVENKINGDOMS.LOCAL-S-1-5-32-544","PrincipalType":"Group","RightName":"WriteDacl","IsInherited":true},{"PrincipalSID":"NORTH.SEVENKINGDOMS.LOCAL-S-1-5-32-544","PrincipalType":"Group","RightName":"WriteOwner","IsInherited":true},{"PrincipalSID":"NORTH.SEVENKINGDOMS.LOCAL-S-1-5-32-544","PrincipalType":"Group","RightName":"GenericWrite","IsInherited":true}],"ObjectIdentifier":"NORTH.SEVENKINGDOMS.LOCAL-S-1-5-32-554","IsDeleted":false,"IsACLProtected":false},{"Properties":{"domain":"NORTH.SEVENKINGDOMS.LOCAL","name":"RDS REMOTE ACCESS SERVERS@NORTH.SEVENKINGDOMS.LOCAL","distinguishedname":"CN=RDS REMOTE ACCESS SERVERS,CN=BUILTIN,DC=NORTH,DC=SEVENKINGDOMS,DC=LOCAL","domainsid":null,"highvalue":false,"samaccountname":"RDS Remote Access Servers","description":"Servers in this group enable users of RemoteApp programs and personal virtual desktops access to these resources. In Internet-facing deployments, these servers are typically deployed in an edge network. This group needs to be populated on servers running RD Connection Broker. RD Gateway servers and RD Web Access servers used in the deployment need to be in this group.","whencreated":1671363351,"admincount":false},"Members":[],"Aces":[{"PrincipalSID":"NORTH.SEVENKINGDOMS.LOCAL-S-1-5-32-544","PrincipalType":"Group","RightName":"Owns","IsInherited":false},{"PrincipalSID":"NORTH.SEVENKINGDOMS.LOCAL-S-1-5-32-548","PrincipalType":"Group","RightName":"GenericAll","IsInherited":false},{"PrincipalSID":"S-1-5-21-566060928-2936574977-4293486541-512","PrincipalType":"Group","RightName":"GenericAll","IsInherited":false},{"PrincipalSID":"S-1-5-21-3262959479-855567469-2661024141-519","PrincipalType":"Base","RightName":"GenericAll","IsInherited":true},{"PrincipalSID":"NORTH.SEVENKINGDOMS.LOCAL-S-1-5-32-544","PrincipalType":"Group","RightName":"WriteDacl","IsInherited":true},{"PrincipalSID":"NORTH.SEVENKINGDOMS.LOCAL-S-1-5-32-544","PrincipalType":"Group","RightName":"WriteOwner","IsInherited":true},{"PrincipalSID":"NORTH.SEVENKINGDOMS.LOCAL-S-1-5-32-544","PrincipalType":"Group","RightName":"GenericWrite","IsInherited":true}],"ObjectIdentifier":"NORTH.SEVENKINGDOMS.LOCAL-S-1-5-32-575","IsDeleted":false,"IsACLProtected":false},{"Properties":{"domain":"NORTH.SEVENKINGDOMS.LOCAL","name":"HYPER-V ADMINISTRATORS@NORTH.SEVENKINGDOMS.LOCAL","distinguishedname":"CN=HYPER-V ADMINISTRATORS,CN=BUILTIN,DC=NORTH,DC=SEVENKINGDOMS,DC=LOCAL","domainsid":null,"highvalue":false,"samaccountname":"Hyper-V Administrators","description":"Members of this group have complete and unrestricted access to all features of Hyper-V.","whencreated":1671363351,"admincount":false},"Members":[],"Aces":[{"PrincipalSID":"NORTH.SEVENKINGDOMS.LOCAL-S-1-5-32-544","PrincipalType":"Group","RightName":"Owns","IsInherited":false},{"PrincipalSID":"NORTH.SEVENKINGDOMS.LOCAL-S-1-5-32-548","PrincipalType":"Group","RightName":"GenericAll","IsInherited":false},{"PrincipalSID":"S-1-5-21-566060928-2936574977-4293486541-512","PrincipalType":"Group","RightName":"GenericAll","IsInherited":false},{"PrincipalSID":"S-1-5-21-3262959479-855567469-2661024141-519","PrincipalType":"Base","RightName":"GenericAll","IsInherited":true},{"PrincipalSID":"NORTH.SEVENKINGDOMS.LOCAL-S-1-5-32-544","PrincipalType":"Group","RightName":"WriteDacl","IsInherited":true},{"PrincipalSID":"NORTH.SEVENKINGDOMS.LOCAL-S-1-5-32-544","PrincipalType":"Group","RightName":"WriteOwner","IsInherited":true},{"PrincipalSID":"NORTH.SEVENKINGDOMS.LOCAL-S-1-5-32-544","PrincipalType":"Group","RightName":"GenericWrite","IsInherited":true}],"ObjectIdentifier":"NORTH.SEVENKINGDOMS.LOCAL-S-1-5-32-578","IsDeleted":false,"IsACLProtected":false},{"Properties":{"domain":"NORTH.SEVENKINGDOMS.LOCAL","name":"ACCESS CONTROL ASSISTANCE OPERATORS@NORTH.SEVENKINGDOMS.LOCAL","distinguishedname":"CN=ACCESS CONTROL ASSISTANCE OPERATORS,CN=BUILTIN,DC=NORTH,DC=SEVENKINGDOMS,DC=LOCAL","domainsid":null,"highvalue":false,"samaccountname":"Access Control Assistance Operators","description":"Members of this group can remotely query authorization attributes and permissions for resources on this computer.","whencreated":1671363351,"admincount":false},"Members":[],"Aces":[{"PrincipalSID":"NORTH.SEVENKINGDOMS.LOCAL-S-1-5-32-544","PrincipalType":"Group","RightName":"Owns","IsInherited":false},{"PrincipalSID":"NORTH.SEVENKINGDOMS.LOCAL-S-1-5-32-548","PrincipalType":"Group","RightName":"GenericAll","IsInherited":false},{"PrincipalSID":"S-1-5-21-566060928-2936574977-4293486541-512","PrincipalType":"Group","RightName":"GenericAll","IsInherited":false},{"PrincipalSID":"S-1-5-21-3262959479-855567469-2661024141-519","PrincipalType":"Base","RightName":"GenericAll","IsInherited":true},{"PrincipalSID":"NORTH.SEVENKINGDOMS.LOCAL-S-1-5-32-544","PrincipalType":"Group","RightName":"WriteDacl","IsInherited":true},{"PrincipalSID":"NORTH.SEVENKINGDOMS.LOCAL-S-1-5-32-544","PrincipalType":"Group","RightName":"WriteOwner","IsInherited":true},{"PrincipalSID":"NORTH.SEVENKINGDOMS.LOCAL-S-1-5-32-544","PrincipalType":"Group","RightName":"GenericWrite","IsInherited":true}],"ObjectIdentifier":"NORTH.SEVENKINGDOMS.LOCAL-S-1-5-32-579","IsDeleted":false,"IsACLProtected":false},{"Properties":{"domain":"NORTH.SEVENKINGDOMS.LOCAL","name":"WINDOWS AUTHORIZATION ACCESS GROUP@NORTH.SEVENKINGDOMS.LOCAL","distinguishedname":"CN=WINDOWS AUTHORIZATION ACCESS GROUP,CN=BUILTIN,DC=NORTH,DC=SEVENKINGDOMS,DC=LOCAL","domainsid":null,"highvalue":false,"samaccountname":"Windows Authorization Access Group","description":"Members of this group have access to the computed tokenGroupsGlobalAndUniversal attribute on User objects","whencreated":1671363376,"admincount":false},"Members":[{"ObjectIdentifier":"UNKNOWN-S-1-5-9","ObjectType":"Group"}],"Aces":[{"PrincipalSID":"S-1-5-21-566060928-2936574977-4293486541-512","PrincipalType":"Group","RightName":"Owns","IsInherited":false},{"PrincipalSID":"NORTH.SEVENKINGDOMS.LOCAL-S-1-5-32-548","PrincipalType":"Group","RightName":"GenericAll","IsInherited":false},{"PrincipalSID":"S-1-5-21-566060928-2936574977-4293486541-512","PrincipalType":"Group","RightName":"GenericAll","IsInherited":false},{"PrincipalSID":"S-1-5-21-3262959479-855567469-2661024141-519","PrincipalType":"Base","RightName":"GenericAll","IsInherited":true},{"PrincipalSID":"NORTH.SEVENKINGDOMS.LOCAL-S-1-5-32-544","PrincipalType":"Group","RightName":"WriteDacl","IsInherited":true},{"PrincipalSID":"NORTH.SEVENKINGDOMS.LOCAL-S-1-5-32-544","PrincipalType":"Group","RightName":"WriteOwner","IsInherited":true},{"PrincipalSID":"NORTH.SEVENKINGDOMS.LOCAL-S-1-5-32-544","PrincipalType":"Group","RightName":"GenericWrite","IsInherited":true}],"ObjectIdentifier":"NORTH.SEVENKINGDOMS.LOCAL-S-1-5-32-560","IsDeleted":false,"IsACLProtected":false},{"Properties":{"domain":"NORTH.SEVENKINGDOMS.LOCAL","name":"RDS MANAGEMENT SERVERS@NORTH.SEVENKINGDOMS.LOCAL","distinguishedname":"CN=RDS MANAGEMENT SERVERS,CN=BUILTIN,DC=NORTH,DC=SEVENKINGDOMS,DC=LOCAL","domainsid":null,"highvalue":false,"samaccountname":"RDS Management Servers","description":"Servers in this group can perform routine administrative actions on servers running Remote Desktop Services. This group needs to be populated on all servers in a Remote Desktop Services deployment. The servers running the RDS Central Management service must be included in this group.","whencreated":1671363351,"admincount":false},"Members":[],"Aces":[{"PrincipalSID":"NORTH.SEVENKINGDOMS.LOCAL-S-1-5-32-544","PrincipalType":"Group","RightName":"Owns","IsInherited":false},{"PrincipalSID":"NORTH.SEVENKINGDOMS.LOCAL-S-1-5-32-548","PrincipalType":"Group","RightName":"GenericAll","IsInherited":false},{"PrincipalSID":"S-1-5-21-566060928-2936574977-4293486541-512","PrincipalType":"Group","RightName":"GenericAll","IsInherited":false},{"PrincipalSID":"S-1-5-21-3262959479-855567469-2661024141-519","PrincipalType":"Base","RightName":"GenericAll","IsInherited":true},{"PrincipalSID":"NORTH.SEVENKINGDOMS.LOCAL-S-1-5-32-544","PrincipalType":"Group","RightName":"WriteDacl","IsInherited":true},{"PrincipalSID":"NORTH.SEVENKINGDOMS.LOCAL-S-1-5-32-544","PrincipalType":"Group","RightName":"WriteOwner","IsInherited":true},{"PrincipalSID":"NORTH.SEVENKINGDOMS.LOCAL-S-1-5-32-544","PrincipalType":"Group","RightName":"GenericWrite","IsInherited":true}],"ObjectIdentifier":"NORTH.SEVENKINGDOMS.LOCAL-S-1-5-32-577","IsDeleted":false,"IsACLProtected":false},{"Properties":{"domain":"NORTH.SEVENKINGDOMS.LOCAL","name":"USERS@NORTH.SEVENKINGDOMS.LOCAL","distinguishedname":"CN=USERS,CN=BUILTIN,DC=NORTH,DC=SEVENKINGDOMS,DC=LOCAL","domainsid":null,"highvalue":false,"samaccountname":"Users","description":"Users are prevented from making accidental or intentional system-wide changes and can run most applications","whencreated":1671363351,"admincount":false},"Members":[{"ObjectIdentifier":"S-1-5-21-566060928-2936574977-4293486541-513","ObjectType":"Group"},{"ObjectIdentifier":"NORTH.SEVENKINGDOMS.LOCAL-S-1-5-11","ObjectType":"Group"},{"ObjectIdentifier":"NORTH.SEVENKINGDOMS.LOCAL-S-1-5-4","ObjectType":"Group"},{"ObjectIdentifier":"S-1-5-21-566060928-2936574977-4293486541-1000","ObjectType":"User"}],"Aces":[{"PrincipalSID":"NORTH.SEVENKINGDOMS.LOCAL-S-1-5-32-544","PrincipalType":"Group","RightName":"Owns","IsInherited":false},{"PrincipalSID":"NORTH.SEVENKINGDOMS.LOCAL-S-1-5-32-548","PrincipalType":"Group","RightName":"GenericAll","IsInherited":false},{"PrincipalSID":"S-1-5-21-566060928-2936574977-4293486541-512","PrincipalType":"Group","RightName":"GenericAll","IsInherited":false},{"PrincipalSID":"S-1-5-21-3262959479-855567469-2661024141-519","PrincipalType":"Base","RightName":"GenericAll","IsInherited":true},{"PrincipalSID":"NORTH.SEVENKINGDOMS.LOCAL-S-1-5-32-544","PrincipalType":"Group","RightName":"WriteDacl","IsInherited":true},{"PrincipalSID":"NORTH.SEVENKINGDOMS.LOCAL-S-1-5-32-544","PrincipalType":"Group","RightName":"WriteOwner","IsInherited":true},{"PrincipalSID":"NORTH.SEVENKINGDOMS.LOCAL-S-1-5-32-544","PrincipalType":"Group","RightName":"GenericWrite","IsInherited":true}],"ObjectIdentifier":"NORTH.SEVENKINGDOMS.LOCAL-S-1-5-32-545","IsDeleted":false,"IsACLProtected":false},{"Properties":{"domain":"NORTH.SEVENKINGDOMS.LOCAL","name":"ADMINISTRATORS@NORTH.SEVENKINGDOMS.LOCAL","distinguishedname":"CN=ADMINISTRATORS,CN=BUILTIN,DC=NORTH,DC=SEVENKINGDOMS,DC=LOCAL","domainsid":null,"highvalue":true,"samaccountname":"Administrators","description":"Administrators have complete and unrestricted access to the computer/domain","whencreated":1671363351,"admincount":true},"Members":[{"ObjectIdentifier":"S-1-5-21-566060928-2936574977-4293486541-1113","ObjectType":"User"},{"ObjectIdentifier":"S-1-5-21-566060928-2936574977-4293486541-1112","ObjectType":"User"},{"ObjectIdentifier":"S-1-5-21-566060928-2936574977-4293486541-1111","ObjectType":"User"},{"ObjectIdentifier":"CN=ENTERPRISE ADMINS,CN=USERS,DC=SEVENKINGDOMS,DC=LOCAL","ObjectType":"Base"},{"ObjectIdentifier":"S-1-5-21-566060928-2936574977-4293486541-512","ObjectType":"Group"},{"ObjectIdentifier":"S-1-5-21-566060928-2936574977-4293486541-1000","ObjectType":"User"},{"ObjectIdentifier":"S-1-5-21-566060928-2936574977-4293486541-500","ObjectType":"User"}],"Aces":[{"PrincipalSID":"S-1-5-21-566060928-2936574977-4293486541-512","PrincipalType":"Group","RightName":"Owns","IsInherited":false},{"PrincipalSID":"NORTH.SEVENKINGDOMS.LOCAL-S-1-5-32-544","PrincipalType":"Group","RightName":"WriteDacl","IsInherited":false},{"PrincipalSID":"NORTH.SEVENKINGDOMS.LOCAL-S-1-5-32-544","PrincipalType":"Group","RightName":"WriteOwner","IsInherited":false},{"PrincipalSID":"NORTH.SEVENKINGDOMS.LOCAL-S-1-5-32-544","PrincipalType":"Group","RightName":"GenericWrite","IsInherited":false},{"PrincipalSID":"S-1-5-21-3262959479-855567469-2661024141-519","PrincipalType":"Base","RightName":"WriteDacl","IsInherited":false},{"PrincipalSID":"S-1-5-21-3262959479-855567469-2661024141-519","PrincipalType":"Base","RightName":"WriteOwner","IsInherited":false},{"PrincipalSID":"S-1-5-21-3262959479-855567469-2661024141-519","PrincipalType":"Base","RightName":"GenericWrite","IsInherited":false},{"PrincipalSID":"S-1-5-21-566060928-2936574977-4293486541-512","PrincipalType":"Group","RightName":"WriteDacl","IsInherited":false},{"PrincipalSID":"S-1-5-21-566060928-2936574977-4293486541-512","PrincipalType":"Group","RightName":"WriteOwner","IsInherited":false},{"PrincipalSID":"S-1-5-21-566060928-2936574977-4293486541-512","PrincipalType":"Group","RightName":"GenericWrite","IsInherited":false}],"ObjectIdentifier":"NORTH.SEVENKINGDOMS.LOCAL-S-1-5-32-544","IsDeleted":false,"IsACLProtected":true},{"Properties":{"domain":"NORTH.SEVENKINGDOMS.LOCAL","name":"DENIED RODC PASSWORD REPLICATION GROUP@NORTH.SEVENKINGDOMS.LOCAL","distinguishedname":"CN=DENIED RODC PASSWORD REPLICATION GROUP,CN=USERS,DC=NORTH,DC=SEVENKINGDOMS,DC=LOCAL","domainsid":"S-1-5-21-566060928-2936574977-4293486541","highvalue":false,"samaccountname":"Denied RODC Password Replication Group","description":"Members in this group cannot have their passwords replicated to any read-only domain controllers in the domain","whencreated":1671363376,"admincount":false},"Members":[{"ObjectIdentifier":"CN=ENTERPRISE ADMINS,CN=USERS,DC=SEVENKINGDOMS,DC=LOCAL","ObjectType":"Base"},{"ObjectIdentifier":"CN=SCHEMA ADMINS,CN=USERS,DC=SEVENKINGDOMS,DC=LOCAL","ObjectType":"Base"},{"ObjectIdentifier":"S-1-5-21-566060928-2936574977-4293486541-521","ObjectType":"Group"},{"ObjectIdentifier":"S-1-5-21-566060928-2936574977-4293486541-520","ObjectType":"Group"},{"ObjectIdentifier":"S-1-5-21-566060928-2936574977-4293486541-512","ObjectType":"Group"},{"ObjectIdentifier":"S-1-5-21-566060928-2936574977-4293486541-517","ObjectType":"Group"},{"ObjectIdentifier":"S-1-5-21-566060928-2936574977-4293486541-516","ObjectType":"Group"},{"ObjectIdentifier":"S-1-5-21-566060928-2936574977-4293486541-502","ObjectType":"User"}],"Aces":[{"PrincipalSID":"S-1-5-21-566060928-2936574977-4293486541-512","PrincipalType":"Group","RightName":"Owns","IsInherited":false},{"PrincipalSID":"NORTH.SEVENKINGDOMS.LOCAL-S-1-5-32-548","PrincipalType":"Group","RightName":"GenericAll","IsInherited":false},{"PrincipalSID":"S-1-5-21-566060928-2936574977-4293486541-512","PrincipalType":"Group","RightName":"GenericAll","IsInherited":false},{"PrincipalSID":"S-1-5-21-3262959479-855567469-2661024141-519","PrincipalType":"Base","RightName":"GenericAll","IsInherited":true},{"PrincipalSID":"NORTH.SEVENKINGDOMS.LOCAL-S-1-5-32-544","PrincipalType":"Group","RightName":"WriteDacl","IsInherited":true},{"PrincipalSID":"NORTH.SEVENKINGDOMS.LOCAL-S-1-5-32-544","PrincipalType":"Group","RightName":"WriteOwner","IsInherited":true},{"PrincipalSID":"NORTH.SEVENKINGDOMS.LOCAL-S-1-5-32-544","PrincipalType":"Group","RightName":"GenericWrite","IsInherited":true}],"ObjectIdentifier":"S-1-5-21-566060928-2936574977-4293486541-572","IsDeleted":false,"IsACLProtected":false},{"Properties":{"name":"EVERYONE@NORTH.SEVENKINGDOMS.LOCAL","domainsid":null,"domain":"NORTH.SEVENKINGDOMS.LOCAL"},"Members":[],"Aces":[],"ObjectIdentifier":"NORTH.SEVENKINGDOMS.LOCAL-S-1-1-0","IsDeleted":false,"IsACLProtected":false},{"Properties":{"name":"PRINT OPERATORS@NORTH.SEVENKINGDOMS.LOCAL","domainsid":null,"domain":"NORTH.SEVENKINGDOMS.LOCAL"},"Members":[],"Aces":[],"ObjectIdentifier":"NORTH.SEVENKINGDOMS.LOCAL-S-1-5-32-550","IsDeleted":false,"IsACLProtected":false},{"Properties":{"name":"ADMINISTRATORS@NORTH.SEVENKINGDOMS.LOCAL","domainsid":null,"domain":"NORTH.SEVENKINGDOMS.LOCAL"},"Members":[],"Aces":[],"ObjectIdentifier":"NORTH.SEVENKINGDOMS.LOCAL-S-1-5-32-544","IsDeleted":false,"IsACLProtected":false},{"Properties":{"name":"INTERACTIVE@NORTH.SEVENKINGDOMS.LOCAL","domainsid":null,"domain":"NORTH.SEVENKINGDOMS.LOCAL"},"Members":[],"Aces":[],"ObjectIdentifier":"NORTH.SEVENKINGDOMS.LOCAL-S-1-5-4","IsDeleted":false,"IsACLProtected":false},{"Properties":{"name":"PRE-WINDOWS 2000 COMPATIBLE ACCESS@NORTH.SEVENKINGDOMS.LOCAL","domainsid":null,"domain":"NORTH.SEVENKINGDOMS.LOCAL"},"Members":[],"Aces":[],"ObjectIdentifier":"NORTH.SEVENKINGDOMS.LOCAL-S-1-5-32-554","IsDeleted":false,"IsACLProtected":false},{"Properties":{"name":"TERMINAL SERVER LICENSE SERVERS@NORTH.SEVENKINGDOMS.LOCAL","domainsid":null,"domain":"NORTH.SEVENKINGDOMS.LOCAL"},"Members":[],"Aces":[],"ObjectIdentifier":"NORTH.SEVENKINGDOMS.LOCAL-S-1-5-32-561","IsDeleted":false,"IsACLProtected":false},{"Properties":{"name":"ANONYMOUS@NORTH.SEVENKINGDOMS.LOCAL","domainsid":null,"domain":"NORTH.SEVENKINGDOMS.LOCAL"},"Members":[],"Aces":[],"ObjectIdentifier":"NORTH.SEVENKINGDOMS.LOCAL-S-1-5-7","IsDeleted":false,"IsACLProtected":false},{"Properties":{"name":"THIS ORGANIZATION @NORTH.SEVENKINGDOMS.LOCAL","domainsid":null,"domain":"NORTH.SEVENKINGDOMS.LOCAL"},"Members":[],"Aces":[],"ObjectIdentifier":"NORTH.SEVENKINGDOMS.LOCAL-S-1-5-17","IsDeleted":false,"IsACLProtected":false},{"Properties":{"name":"ENTERPRISE DOMAIN CONTROLLERS@NORTH.SEVENKINGDOMS.LOCAL","domainsid":null,"domain":"NORTH.SEVENKINGDOMS.LOCAL"},"Members":[],"Aces":[],"ObjectIdentifier":"UNKNOWN-S-1-5-9","IsDeleted":false,"IsACLProtected":false},{"Properties":{"name":"AUTHENTICATED USERS@NORTH.SEVENKINGDOMS.LOCAL","domainsid":null,"domain":"NORTH.SEVENKINGDOMS.LOCAL"},"Members":[],"Aces":[],"ObjectIdentifier":"NORTH.SEVENKINGDOMS.LOCAL-S-1-5-11","IsDeleted":false,"IsACLProtected":false},{"Properties":{"name":"INCOMING FOREST TRUST BUILDERS@NORTH.SEVENKINGDOMS.LOCAL","domainsid":null,"domain":"NORTH.SEVENKINGDOMS.LOCAL"},"Members":[],"Aces":[],"ObjectIdentifier":"NORTH.SEVENKINGDOMS.LOCAL-S-1-5-32-557","IsDeleted":false,"IsACLProtected":false},{"Properties":{"name":"WINDOWS AUTHORIZATION ACCESS GROUP@NORTH.SEVENKINGDOMS.LOCAL","domainsid":null,"domain":"NORTH.SEVENKINGDOMS.LOCAL"},"Members":[],"Aces":[],"ObjectIdentifier":"NORTH.SEVENKINGDOMS.LOCAL-S-1-5-32-560","IsDeleted":false,"IsACLProtected":false},{"Properties":{"name":"ACCOUNT OPERATORS@NORTH.SEVENKINGDOMS.LOCAL","domainsid":null,"domain":"NORTH.SEVENKINGDOMS.LOCAL"},"Members":[],"Aces":[],"ObjectIdentifier":"NORTH.SEVENKINGDOMS.LOCAL-S-1-5-32-548","IsDeleted":false,"IsACLProtected":false},{"Properties":{"name":"ENTERPRISE DOMAIN CONTROLLERS@UNKNOWN","domainsid":null,"domain":null},"Members":[{"ObjectIdentifier":"S-1-5-21-566060928-2936574977-4293486541-1001","ObjectType":"Computer"}],"Aces":[],"ObjectIdentifier":"-S-1-5-9","IsDeleted":false,"IsACLProtected":false}],"meta":{"methods":29695,"type":"groups","count":61,"version":5}}